URL	資料名	コマ	郡	石高	石高_数字	旧名など	村名	GeoLOD_ID	GeoLOD_total	緯度	経度	検索リンク
https://honkoku.org/app/#/transcription/75A1C429BC371D7BD6D255F4F426A6D5/2	日向国郷帳	2	諸県郡	四百五拾四石九斗壱升	454.91		岡松村	cgnu6b	1	32.047348	130.751129	https://geoshape.ex.nii.ac.jp/app/search-nrct?key=岡松村
https://honkoku.org/app/#/transcription/75A1C429BC371D7BD6D255F4F426A6D5/2	日向国郷帳	2	諸県郡	三百五拾五石弐斗八合五勺八才	355.208		上下田村		0			https://geoshape.ex.nii.ac.jp/app/search-nrct?key=上下田村
https://honkoku.org/app/#/transcription/75A1C429BC371D7BD6D255F4F426A6D5/3	日向国郷帳	3	諸県郡	四百七拾七石四升五合	477.045		昌明寺村	686awM	1	32.082623	130.75592	https://geoshape.ex.nii.ac.jp/app/search-nrct?key=昌明寺村
https://honkoku.org/app/#/transcription/75A1C429BC371D7BD6D255F4F426A6D5/3	日向国郷帳	3	諸県郡	四百弐拾八石七斗八升三勺	428.78		内竪馬場村		0			https://geoshape.ex.nii.ac.jp/app/search-nrct?key=内竪馬場村
https://honkoku.org/app/#/transcription/75A1C429BC371D7BD6D255F4F426A6D5/3	日向国郷帳	3	諸県郡	四百五拾五石四斗七合六才	455.407		亀沢村	fACIUT	1	32.037655	130.751907	https://geoshape.ex.nii.ac.jp/app/search-nrct?key=亀沢村
https://honkoku.org/app/#/transcription/75A1C429BC371D7BD6D255F4F426A6D5/3	日向国郷帳	3	諸県郡	百六拾六石三斗四升五合九勺	166.345		裏村	oqnGEP	3	32.176307	130.713791	https://geoshape.ex.nii.ac.jp/app/search-nrct?key=裏村
https://honkoku.org/app/#/transcription/75A1C429BC371D7BD6D255F4F426A6D5/3	日向国郷帳	3	諸県郡	三百弐拾弐石四斗七升七合九勺	322.477		高牟礼村		0			https://geoshape.ex.nii.ac.jp/app/search-nrct?key=高牟礼村
https://honkoku.org/app/#/transcription/75A1C429BC371D7BD6D255F4F426A6D5/3	日向国郷帳	3	諸県郡	三百弐拾四石九斗四升九合三勺	324.949		柳水流村	XGsy4E	1	32.036774	130.762756	https://geoshape.ex.nii.ac.jp/app/search-nrct?key=柳水流村
https://honkoku.org/app/#/transcription/75A1C429BC371D7BD6D255F4F426A6D5/3	日向国郷帳	3	諸県郡	弐百弐拾弐石六斗六升六合六勺	222.666		岡本村	GIEIe7	1	32.231323	130.938106	https://geoshape.ex.nii.ac.jp/app/search-nrct?key=岡本村
https://honkoku.org/app/#/transcription/75A1C429BC371D7BD6D255F4F426A6D5/3	日向国郷帳	3	諸県郡	六百五拾八石壱斗八升弐合三勺	658.182		湯田村	CYaaoG	2	32.050175	130.797531	https://geoshape.ex.nii.ac.jp/app/search-nrct?key=湯田村
https://honkoku.org/app/#/transcription/75A1C429BC371D7BD6D255F4F426A6D5/4	日向国郷帳	4	諸県郡	六百八拾石九斗六升六合	680.966		向名村		0			https://geoshape.ex.nii.ac.jp/app/search-nrct?key=向名村
https://honkoku.org/app/#/transcription/75A1C429BC371D7BD6D255F4F426A6D5/4	日向国郷帳	4	諸県郡	七百七拾七石六斗三升壱合五勺	777.631		島中村		0			https://geoshape.ex.nii.ac.jp/app/search-nrct?key=島中村
https://honkoku.org/app/#/transcription/75A1C429BC371D7BD6D255F4F426A6D5/4	日向国郷帳	4	諸県郡	四百拾石八斗壱升六合	410.816		鶴田村	TCaOGE	1	31.971966	130.515656	https://geoshape.ex.nii.ac.jp/app/search-nrct?key=鶴田村
https://honkoku.org/app/#/transcription/75A1C429BC371D7BD6D255F4F426A6D5/4	日向国郷帳	4	諸県郡	五百拾九石八斗九升壱合	519.891		東村	WEkAiH	6	31.744364	131.079052	https://geoshape.ex.nii.ac.jp/app/search-nrct?key=東村
https://honkoku.org/app/#/transcription/75A1C429BC371D7BD6D255F4F426A6D5/4	日向国郷帳	4	諸県郡	三百六拾八石九斗六升九合弐勺	368.969		中福良村		0			https://geoshape.ex.nii.ac.jp/app/search-nrct?key=中福良村
https://honkoku.org/app/#/transcription/75A1C429BC371D7BD6D255F4F426A6D5/4	日向国郷帳	4	諸県郡	五百三拾弐石弐斗壱升五合九勺	532.215		中福良村		0			https://geoshape.ex.nii.ac.jp/app/search-nrct?key=中福良村
https://honkoku.org/app/#/transcription/75A1C429BC371D7BD6D255F4F426A6D5/4	日向国郷帳	4	諸県郡	五百七石六斗三升三合弐勺	507.633		長山村		0			https://geoshape.ex.nii.ac.jp/app/search-nrct?key=長山村
https://honkoku.org/app/#/transcription/75A1C429BC371D7BD6D255F4F426A6D5/4	日向国郷帳	4	諸県郡	三百壱石三斗七升九合弐勺	301.379		同西村		0			https://geoshape.ex.nii.ac.jp/app/search-nrct?key=同西村
https://honkoku.org/app/#/transcription/75A1C429BC371D7BD6D255F4F426A6D5/5	日向国郷帳	5	諸県郡	七百拾五石七斗四升五合三勺	715.745		長江浦村	qsoo8Q	2	31.989382	130.820557	https://geoshape.ex.nii.ac.jp/app/search-nrct?key=長江浦村
https://honkoku.org/app/#/transcription/75A1C429BC371D7BD6D255F4F426A6D5/5	日向国郷帳	5	諸県郡	百七拾壱石三斗六升九合	171.369		吉村	ZoYqnB	10	31.910224	131.444799	https://geoshape.ex.nii.ac.jp/app/search-nrct?key=吉村
https://honkoku.org/app/#/transcription/75A1C429BC371D7BD6D255F4F426A6D5/5	日向国郷帳	5	諸県郡	八百弐石四斗七升三合弐勺	802.473		正原村		0			https://geoshape.ex.nii.ac.jp/app/search-nrct?key=正原村
https://honkoku.org/app/#/transcription/75A1C429BC371D7BD6D255F4F426A6D5/5	日向国郷帳	5	諸県郡	百七拾石四斗七升壱合	170.471		今西村	8OeeiB	1	32.040588	130.84082	https://geoshape.ex.nii.ac.jp/app/search-nrct?key=今西村
https://honkoku.org/app/#/transcription/75A1C429BC371D7BD6D255F4F426A6D5/5	日向国郷帳	5	諸県郡	四百五拾五石九斗九升弐合	455.992		池島村	eWCCU1	1	32.040474	130.827042	https://geoshape.ex.nii.ac.jp/app/search-nrct?key=池島村
https://honkoku.org/app/#/transcription/75A1C429BC371D7BD6D255F4F426A6D5/5	日向国郷帳	5	諸県郡	千百三拾九石弐斗七升四合五勺	1139.274		栗下村	mogen9	1	32.043537	130.812286	https://geoshape.ex.nii.ac.jp/app/search-nrct?key=栗下村
https://honkoku.org/app/#/transcription/75A1C429BC371D7BD6D255F4F426A6D5/5	日向国郷帳	5	諸県郡	弐百八拾四石八斗六升弐合弐勺	284.862		灰塚村	wAEIIf	1	32.04063	130.803665	https://geoshape.ex.nii.ac.jp/app/search-nrct?key=灰塚村
https://honkoku.org/app/#/transcription/75A1C429BC371D7BD6D255F4F426A6D5/5	日向国郷帳	5	諸県郡	弐百弐拾九石四合壱勺	229.004		榎田村	F2ikam	1	32.061527	130.810379	https://geoshape.ex.nii.ac.jp/app/search-nrct?key=榎田村
https://honkoku.org/app/#/transcription/75A1C429BC371D7BD6D255F4F426A6D5/6	日向国郷帳	6	諸県郡	五百弐拾五石五斗八升三合弐勺	525.583		大明司村	5K64uT	1	32.058624	130.835876	https://geoshape.ex.nii.ac.jp/app/search-nrct?key=大明司村
https://honkoku.org/app/#/transcription/75A1C429BC371D7BD6D255F4F426A6D5/6	日向国郷帳	6	諸県郡	四百四拾四石九斗三升弐合	444.932		前田村	ZnACQt	1	32.043095	130.852493	https://geoshape.ex.nii.ac.jp/app/search-nrct?key=前田村
https://honkoku.org/app/#/transcription/75A1C429BC371D7BD6D255F4F426A6D5/6	日向国郷帳	6	諸県郡	三百拾九石壱斗四升五合弐勺	319.145		坂本村	vea80G	2	32.574947	130.82988	https://geoshape.ex.nii.ac.jp/app/search-nrct?key=坂本村
https://honkoku.org/app/#/transcription/75A1C429BC371D7BD6D255F4F426A6D5/6	日向国郷帳	6	諸県郡	千三百七拾六石七斗三升九合	1376.739		原田村	G6OKcC	1	32.622009	130.785965	https://geoshape.ex.nii.ac.jp/app/search-nrct?key=原田村
https://honkoku.org/app/#/transcription/75A1C429BC371D7BD6D255F4F426A6D5/6	日向国郷帳	6	諸県郡	七百五拾石三斗六升壱合七勺弐才	750.361		宮原村	DEwysq	1	32.237117	130.946375	https://geoshape.ex.nii.ac.jp/app/search-nrct?key=宮原村
https://honkoku.org/app/#/transcription/75A1C429BC371D7BD6D255F4F426A6D5/6	日向国郷帳	6	諸県郡	五百九拾弐石三斗四升五勺	592.34		杉水流村	Tekig4	1	32.048706	130.884369	https://geoshape.ex.nii.ac.jp/app/search-nrct?key=杉水流村
https://honkoku.org/app/#/transcription/75A1C429BC371D7BD6D255F4F426A6D5/6	日向国郷帳	6	諸県郡	四百五拾九石七升三合八勺九才	459.073		大川平村		0			https://geoshape.ex.nii.ac.jp/app/search-nrct?key=大川平村
https://honkoku.org/app/#/transcription/75A1C429BC371D7BD6D255F4F426A6D5/6	日向国郷帳	6	諸県郡	七百拾九石三斗六升弐合八勺七才	719.362		須木村	12QKEj	2	32.067447	131.087991	https://geoshape.ex.nii.ac.jp/app/search-nrct?key=須木村
https://honkoku.org/app/#/transcription/75A1C429BC371D7BD6D255F4F426A6D5/7	日向国郷帳	7	諸県郡	百八石五斗七升三合七勺	108.573		奈佐木村		0			https://geoshape.ex.nii.ac.jp/app/search-nrct?key=奈佐木村
https://honkoku.org/app/#/transcription/75A1C429BC371D7BD6D255F4F426A6D5/7	日向国郷帳	7	諸県郡	弐百五石五斗壱升五合壱勺	205.515		真方村	HIysYd	1	32.010578	130.983383	https://geoshape.ex.nii.ac.jp/app/search-nrct?key=真方村
https://honkoku.org/app/#/transcription/75A1C429BC371D7BD6D255F4F426A6D5/7	日向国郷帳	7	諸県郡	四百三拾弐石八斗七升八合	432.878		北方村	fg8oa5	8	31.928155	131.418909	https://geoshape.ex.nii.ac.jp/app/search-nrct?key=北方村
https://honkoku.org/app/#/transcription/75A1C429BC371D7BD6D255F4F426A6D5/7	日向国郷帳	7	諸県郡	弐百九拾五石九斗四升九合	295.949		大豆別府村		0			https://geoshape.ex.nii.ac.jp/app/search-nrct?key=大豆別府村
https://honkoku.org/app/#/transcription/75A1C429BC371D7BD6D255F4F426A6D5/7	日向国郷帳	7	諸県郡	七百八拾八石九斗三升五合三勺	788.935		東方村	EEqicw	1	32.068874	130.975983	https://geoshape.ex.nii.ac.jp/app/search-nrct?key=東方村
https://honkoku.org/app/#/transcription/75A1C429BC371D7BD6D255F4F426A6D5/7	日向国郷帳	7	諸県郡	弐百八拾八石五斗弐合六勺	288.502		水流迫村	Bk20kN	1	31.989073	130.994888	https://geoshape.ex.nii.ac.jp/app/search-nrct?key=水流迫村
https://honkoku.org/app/#/transcription/75A1C429BC371D7BD6D255F4F426A6D5/7	日向国郷帳	7	諸県郡	七百三石四斗三升弐合	703.432		小林村		0			https://geoshape.ex.nii.ac.jp/app/search-nrct?key=小林村
https://honkoku.org/app/#/transcription/75A1C429BC371D7BD6D255F4F426A6D5/7	日向国郷帳	7	諸県郡	四百六拾三石四斗九升四合	463.494		三箇山村		0			https://geoshape.ex.nii.ac.jp/app/search-nrct?key=三箇山村
https://honkoku.org/app/#/transcription/75A1C429BC371D7BD6D255F4F426A6D5/8	日向国郷帳	8	諸県郡	六百三拾四石五斗八升壱勺三才	634.58		西方村	KNGCNV	3	32.034386	130.95166	https://geoshape.ex.nii.ac.jp/app/search-nrct?key=西方村
https://honkoku.org/app/#/transcription/75A1C429BC371D7BD6D255F4F426A6D5/8	日向国郷帳	8	諸県郡	六百三拾弐石五斗四升壱合	632.541		細野村	p4oi8Y	1	31.976772	130.962486	https://geoshape.ex.nii.ac.jp/app/search-nrct?key=細野村
https://honkoku.org/app/#/transcription/75A1C429BC371D7BD6D255F4F426A6D5/8	日向国郷帳	8	諸県郡	千五百五拾三石三斗九升九合	1553.399		十日町村		0			https://geoshape.ex.nii.ac.jp/app/search-nrct?key=十日町村
https://honkoku.org/app/#/transcription/75A1C429BC371D7BD6D255F4F426A6D5/8	日向国郷帳	8	諸県郡	六百四拾石弐斗四升八合	640.248		堤分村		0			https://geoshape.ex.nii.ac.jp/app/search-nrct?key=堤分村
https://honkoku.org/app/#/transcription/75A1C429BC371D7BD6D255F4F426A6D5/8	日向国郷帳	8	諸県郡	四百八拾三石三斗五合弐勺	483.305		温水村		0			https://geoshape.ex.nii.ac.jp/app/search-nrct?key=温水村
https://honkoku.org/app/#/transcription/75A1C429BC371D7BD6D255F4F426A6D5/8	日向国郷帳	8	諸県郡	四百四拾三石三斗九升六合	443.396		高原村		0			https://geoshape.ex.nii.ac.jp/app/search-nrct?key=高原村
https://honkoku.org/app/#/transcription/75A1C429BC371D7BD6D255F4F426A6D5/8	日向国郷帳	8	諸県郡	三百八拾五石六斗八升壱合三勺	385.681		朝倉村		0			https://geoshape.ex.nii.ac.jp/app/search-nrct?key=朝倉村
https://honkoku.org/app/#/transcription/75A1C429BC371D7BD6D255F4F426A6D5/8	日向国郷帳	8	諸県郡	五百八石五斗九升七合七勺	508.597		蒲牟田村	nK84if	1	31.902557	130.9617	https://geoshape.ex.nii.ac.jp/app/search-nrct?key=蒲牟田村
https://honkoku.org/app/#/transcription/75A1C429BC371D7BD6D255F4F426A6D5/9	日向国郷帳	9	諸県郡	千五拾四石壱斗四升四合六勺	1054.144		大牟田村	7N6gwF	1	31.873623	131.065063	https://geoshape.ex.nii.ac.jp/app/search-nrct?key=大牟田村
https://honkoku.org/app/#/transcription/75A1C429BC371D7BD6D255F4F426A6D5/9	日向国郷帳	9	諸県郡	三百三拾六石九斗六升八合	336.968		入木村		0			https://geoshape.ex.nii.ac.jp/app/search-nrct?key=入木村
https://honkoku.org/app/#/transcription/75A1C429BC371D7BD6D255F4F426A6D5/9	日向国郷帳	9	諸県郡	八百四拾八石九斗六合弐勺	848.906		麓村	7ae8gI	7	31.961796	131.110092	https://geoshape.ex.nii.ac.jp/app/search-nrct?key=麓村
https://honkoku.org/app/#/transcription/75A1C429BC371D7BD6D255F4F426A6D5/9	日向国郷帳	9	諸県郡	百弐拾九石七斗五升七合九勺	129.757		笛水村	j2KYIt	1	31.932512	131.1297	https://geoshape.ex.nii.ac.jp/app/search-nrct?key=笛水村
https://honkoku.org/app/#/transcription/75A1C429BC371D7BD6D255F4F426A6D5/9	日向国郷帳	9	諸県郡	百四拾九石弐斗壱升五合	149.215		宮原村	DEwysq	1	32.237117	130.946375	https://geoshape.ex.nii.ac.jp/app/search-nrct?key=宮原村
https://honkoku.org/app/#/transcription/75A1C429BC371D7BD6D255F4F426A6D5/9	日向国郷帳	9	諸県郡	四百五拾弐石四斗八升弐合	452.482		前田村	aQeqkn	3	31.905844	131.032333	https://geoshape.ex.nii.ac.jp/app/search-nrct?key=前田村
https://honkoku.org/app/#/transcription/75A1C429BC371D7BD6D255F4F426A6D5/9	日向国郷帳	9	諸県郡	三百八拾五石八斗七合壱勺	385.807		田尻村	Rck6ej	1	31.983133	131.306061	https://geoshape.ex.nii.ac.jp/app/search-nrct?key=田尻村
https://honkoku.org/app/#/transcription/75A1C429BC371D7BD6D255F4F426A6D5/9	日向国郷帳	9	諸県郡	百六拾八石弐斗五升四合	168.254		下川内村		0			https://geoshape.ex.nii.ac.jp/app/search-nrct?key=下川内村
https://honkoku.org/app/#/transcription/75A1C429BC371D7BD6D255F4F426A6D5/10	日向国郷帳	10	諸県郡	千三百弐拾六石壱斗六升四合	1326.164		縄瀬村	dUuE84	1	31.870241	131.105469	https://geoshape.ex.nii.ac.jp/app/search-nrct?key=縄瀬村
https://honkoku.org/app/#/transcription/75A1C429BC371D7BD6D255F4F426A6D5/10	日向国郷帳	10	諸県郡	五百八拾八石七斗九升壱合壱勺	588.791		江平村	gYCOWN	1	31.895664	131.092682	https://geoshape.ex.nii.ac.jp/app/search-nrct?key=江平村
https://honkoku.org/app/#/transcription/75A1C429BC371D7BD6D255F4F426A6D5/10	日向国郷帳	10	諸県郡	五百八拾八石六斗三升六合六勺	588.636		東霧島村	4sQ2IX	1	31.850201	131.068008	https://geoshape.ex.nii.ac.jp/app/search-nrct?key=東霧島村
https://honkoku.org/app/#/transcription/75A1C429BC371D7BD6D255F4F426A6D5/10	日向国郷帳	10	諸県郡	五百九拾四石五斗七升壱合	594.571		水流村	beewke	2	31.809753	131.097504	https://geoshape.ex.nii.ac.jp/app/search-nrct?key=水流村
https://honkoku.org/app/#/transcription/75A1C429BC371D7BD6D255F4F426A6D5/10	日向国郷帳	10	諸県郡	弐百三拾三石五斗三升五合八勺	233.535		下川内村		0			https://geoshape.ex.nii.ac.jp/app/search-nrct?key=下川内村
https://honkoku.org/app/#/transcription/75A1C429BC371D7BD6D255F4F426A6D5/10	日向国郷帳	10	諸県郡	千四百四拾弐石五斗五合七勺	1442.505		石山村	uaEIYr	1	31.835802	131.130035	https://geoshape.ex.nii.ac.jp/app/search-nrct?key=石山村
https://honkoku.org/app/#/transcription/75A1C429BC371D7BD6D255F4F426A6D5/10	日向国郷帳	10	諸県郡	三百四拾八石七斗六升弐合	348.762		上川村		0			https://geoshape.ex.nii.ac.jp/app/search-nrct?key=上川村
https://honkoku.org/app/#/transcription/75A1C429BC371D7BD6D255F4F426A6D5/10	日向国郷帳	10	諸県郡	弐千六拾弐石九斗四升七合八勺九才	2062.947		大井手村	iESWKC	1	31.798964	131.142929	https://geoshape.ex.nii.ac.jp/app/search-nrct?key=大井手村
https://honkoku.org/app/#/transcription/75A1C429BC371D7BD6D255F4F426A6D5/11	日向国郷帳	11	諸県郡	千七百四拾七石七斗三升八合	1747.738		穂満坊村	oN8gk0	1	31.8047	131.127953	https://geoshape.ex.nii.ac.jp/app/search-nrct?key=穂満坊村
https://honkoku.org/app/#/transcription/75A1C429BC371D7BD6D255F4F426A6D5/11	日向国郷帳	11	諸県郡	四百弐拾七石九斗七合壱勺	427.907		下財部村	66y4Ib	1	31.762016	130.972122	https://geoshape.ex.nii.ac.jp/app/search-nrct?key=下財部村
https://honkoku.org/app/#/transcription/75A1C429BC371D7BD6D255F4F426A6D5/11	日向国郷帳	11	諸県郡	弐百三拾九石七斗四升壱合	239.741		岩満村	hCCUWE	1	31.838091	131.087067	https://geoshape.ex.nii.ac.jp/app/search-nrct?key=岩満村
https://honkoku.org/app/#/transcription/75A1C429BC371D7BD6D255F4F426A6D5/11	日向国郷帳	11	諸県郡	百弐拾八石七斗六升九合五勺	128.769		岩満村	hCCUWE	1	31.838091	131.087067	https://geoshape.ex.nii.ac.jp/app/search-nrct?key=岩満村
https://honkoku.org/app/#/transcription/75A1C429BC371D7BD6D255F4F426A6D5/11	日向国郷帳	11	諸県郡	九百九拾壱石七斗壱升三合五勺	991.713		薄谷村		0			https://geoshape.ex.nii.ac.jp/app/search-nrct?key=薄谷村
https://honkoku.org/app/#/transcription/75A1C429BC371D7BD6D255F4F426A6D5/11	日向国郷帳	11	諸県郡	五百弐拾七石五斗三升三合七勺	527.533		梶原村		0			https://geoshape.ex.nii.ac.jp/app/search-nrct?key=梶原村
https://honkoku.org/app/#/transcription/75A1C429BC371D7BD6D255F4F426A6D5/11	日向国郷帳	11	諸県郡	七百三拾壱石八升八合	731.088		上中原村		0			https://geoshape.ex.nii.ac.jp/app/search-nrct?key=上中原村
https://honkoku.org/app/#/transcription/75A1C429BC371D7BD6D255F4F426A6D5/11	日向国郷帳	11	諸県郡	五百五拾六石四斗六升五合	556.465		大西村		0			https://geoshape.ex.nii.ac.jp/app/search-nrct?key=大西村
https://honkoku.org/app/#/transcription/75A1C429BC371D7BD6D255F4F426A6D5/12	日向国郷帳	12	諸県郡	千百拾壱石三斗九合四勺	1111.309		水流村	einG8W	5	31.819223	131.11409	https://geoshape.ex.nii.ac.jp/app/search-nrct?key=水流村
https://honkoku.org/app/#/transcription/75A1C429BC371D7BD6D255F4F426A6D5/12	日向国郷帳	12	諸県郡	六百壱石五斗七升八合八勺	601.578		桜木村	lI06yk	1	31.783981	131.122742	https://geoshape.ex.nii.ac.jp/app/search-nrct?key=桜木村
https://honkoku.org/app/#/transcription/75A1C429BC371D7BD6D255F4F426A6D5/12	日向国郷帳	12	諸県郡	千弐百五拾八石九斗八合	1258.908		山之口村	Dn2cnx	1	31.82214	131.189651	https://geoshape.ex.nii.ac.jp/app/search-nrct?key=山之口村
https://honkoku.org/app/#/transcription/75A1C429BC371D7BD6D255F4F426A6D5/12	日向国郷帳	12	諸県郡	千百五拾九石九斗五升八合	1159.958		花木村	GGqueh	1	31.776566	131.165207	https://geoshape.ex.nii.ac.jp/app/search-nrct?key=花木村
https://honkoku.org/app/#/transcription/75A1C429BC371D7BD6D255F4F426A6D5/12	日向国郷帳	12	諸県郡	弐千弐百六拾五石六斗六升七合五勺	2265.667		富吉村	JKyE0Y	1	31.758799	131.156082	https://geoshape.ex.nii.ac.jp/app/search-nrct?key=富吉村
https://honkoku.org/app/#/transcription/75A1C429BC371D7BD6D255F4F426A6D5/12	日向国郷帳	12	諸県郡	八百三拾六石七斗九升壱合弐勺	836.791		石寺村	1oISUf	1	31.746796	131.220795	https://geoshape.ex.nii.ac.jp/app/search-nrct?key=石寺村
https://honkoku.org/app/#/transcription/75A1C429BC371D7BD6D255F4F426A6D5/12	日向国郷帳	12	諸県郡	六百拾四石七斗八升弐合四勺	614.782		餅原村	PSOYAm	1	31.753765	131.127533	https://geoshape.ex.nii.ac.jp/app/search-nrct?key=餅原村
https://honkoku.org/app/#/transcription/75A1C429BC371D7BD6D255F4F426A6D5/12	日向国郷帳	12	諸県郡	千弐百七石六斗弐升九勺	1207.62		勝岡村		0			https://geoshape.ex.nii.ac.jp/app/search-nrct?key=勝岡村
https://honkoku.org/app/#/transcription/75A1C429BC371D7BD6D255F4F426A6D5/13	日向国郷帳	13	諸県郡	百壱石五斗三升六合	101.536		屋鋪村		0			https://geoshape.ex.nii.ac.jp/app/search-nrct?key=屋鋪村
https://honkoku.org/app/#/transcription/75A1C429BC371D7BD6D255F4F426A6D5/13	日向国郷帳	13	諸県郡	弐千三石七斗七升六合壱勺三才	2003.776		高木村	8a6nyy	1	31.777702	131.097931	https://geoshape.ex.nii.ac.jp/app/search-nrct?key=高木村
https://honkoku.org/app/#/transcription/75A1C429BC371D7BD6D255F4F426A6D5/13	日向国郷帳	13	諸県郡	三百六拾九石九斗五升四合	369.954		金田村	56Q8IP	1	31.77035	131.084843	https://geoshape.ex.nii.ac.jp/app/search-nrct?key=金田村
https://honkoku.org/app/#/transcription/75A1C429BC371D7BD6D255F4F426A6D5/13	日向国郷帳	13	諸県郡	九百七拾九石壱斗四升四合	979.144		野之見谷村		0			https://geoshape.ex.nii.ac.jp/app/search-nrct?key=野之見谷村
https://honkoku.org/app/#/transcription/75A1C429BC371D7BD6D255F4F426A6D5/13	日向国郷帳	13	諸県郡	三百七拾六石三斗六升弐合	376.362		屋鋪村		0			https://geoshape.ex.nii.ac.jp/app/search-nrct?key=屋鋪村
https://honkoku.org/app/#/transcription/75A1C429BC371D7BD6D255F4F426A6D5/13	日向国郷帳	13	諸県郡	弐千八百三拾七石八斗七勺七才	2837.8		安永村		0			https://geoshape.ex.nii.ac.jp/app/search-nrct?key=安永村
https://honkoku.org/app/#/transcription/75A1C429BC371D7BD6D255F4F426A6D5/13	日向国郷帳	13	諸県郡	四百八拾八石壱斗三升九合	488.139		溝之口村		0			https://geoshape.ex.nii.ac.jp/app/search-nrct?key=溝之口村
https://honkoku.org/app/#/transcription/75A1C429BC371D7BD6D255F4F426A6D5/13	日向国郷帳	13	諸県郡	八百九拾壱石三斗九升	891.39		下財部村	66y4Ib	1	31.762016	130.972122	https://geoshape.ex.nii.ac.jp/app/search-nrct?key=下財部村
https://honkoku.org/app/#/transcription/75A1C429BC371D7BD6D255F4F426A6D5/14	日向国郷帳	14	諸県郡	九百六石三斗四升三合六勺	906.343		前川内村	qO8snL	1	31.773604	131.019343	https://geoshape.ex.nii.ac.jp/app/search-nrct?key=前川内村
https://honkoku.org/app/#/transcription/75A1C429BC371D7BD6D255F4F426A6D5/14	日向国郷帳	14	諸県郡	三百八拾九石弐升壱合壱勺	389.021		今平村	t8wKev	1	31.762413	131.02417	https://geoshape.ex.nii.ac.jp/app/search-nrct?key=今平村
https://honkoku.org/app/#/transcription/75A1C429BC371D7BD6D255F4F426A6D5/14	日向国郷帳	14	諸県郡	千拾壱石弐斗四升壱合壱勺	1011.241		横市村	TA4nuZ	1	31.734261	131.034622	https://geoshape.ex.nii.ac.jp/app/search-nrct?key=横市村
https://honkoku.org/app/#/transcription/75A1C429BC371D7BD6D255F4F426A6D5/14	日向国郷帳	14	諸県郡	千三百石七斗四升九合三勺	1300.749		下財部村	66y4Ib	1	31.762016	130.972122	https://geoshape.ex.nii.ac.jp/app/search-nrct?key=下財部村
https://honkoku.org/app/#/transcription/75A1C429BC371D7BD6D255F4F426A6D5/14	日向国郷帳	14	諸県郡	千七百五拾八石六斗九合五勺九才	1758.609		五十町分村		0			https://geoshape.ex.nii.ac.jp/app/search-nrct?key=五十町分村
https://honkoku.org/app/#/transcription/75A1C429BC371D7BD6D255F4F426A6D5/14	日向国郷帳	14	諸県郡	千三百弐拾石七斗四升三合	1320.743		宮丸村	E0anqr	1	31.727617	131.060372	https://geoshape.ex.nii.ac.jp/app/search-nrct?key=宮丸村
https://honkoku.org/app/#/transcription/75A1C429BC371D7BD6D255F4F426A6D5/14	日向国郷帳	14	諸県郡	千百弐拾四石七斗四升八合	1124.748		河東村		0			https://geoshape.ex.nii.ac.jp/app/search-nrct?key=河東村
https://honkoku.org/app/#/transcription/75A1C429BC371D7BD6D255F4F426A6D5/14	日向国郷帳	14	諸県郡	五百八拾七石六斗弐合九勺	587.602		郡本村		0			https://geoshape.ex.nii.ac.jp/app/search-nrct?key=郡本村
https://honkoku.org/app/#/transcription/75A1C429BC371D7BD6D255F4F426A6D5/15	日向国郷帳	15	諸県郡	弐百四拾壱石三斗七合九勺	241.307		早水村	22IYU7	1	31.732187	131.091255	https://geoshape.ex.nii.ac.jp/app/search-nrct?key=早水村
https://honkoku.org/app/#/transcription/75A1C429BC371D7BD6D255F4F426A6D5/15	日向国郷帳	15	諸県郡	千七百八拾壱石七斗九升弐合四勺	1781.792		樺山村	NOGOOG	1	31.731884	131.115655	https://geoshape.ex.nii.ac.jp/app/search-nrct?key=樺山村
https://honkoku.org/app/#/transcription/75A1C429BC371D7BD6D255F4F426A6D5/15	日向国郷帳	15	諸県郡	千三百五拾三石八升五合八勺	1353.085		原口村		0			https://geoshape.ex.nii.ac.jp/app/search-nrct?key=原口村
https://honkoku.org/app/#/transcription/75A1C429BC371D7BD6D255F4F426A6D5/15	日向国郷帳	15	諸県郡	五百九拾九石九斗六升七合八勺	599.967		井蔵田村		0			https://geoshape.ex.nii.ac.jp/app/search-nrct?key=井蔵田村
https://honkoku.org/app/#/transcription/75A1C429BC371D7BD6D255F4F426A6D5/15	日向国郷帳	15	諸県郡	五百三拾七石弐斗弐升八合	537.228		木前村		0			https://geoshape.ex.nii.ac.jp/app/search-nrct?key=木前村
https://honkoku.org/app/#/transcription/75A1C429BC371D7BD6D255F4F426A6D5/15	日向国郷帳	15	諸県郡	六百四拾七石七升四合	647.074		鷺巣村	YksE4w	1	31.698444	131.130432	https://geoshape.ex.nii.ac.jp/app/search-nrct?key=鷺巣村
https://honkoku.org/app/#/transcription/75A1C429BC371D7BD6D255F4F426A6D5/15	日向国郷帳	15	諸県郡	百八拾九石六斗壱升五合八勺	189.615		寺柱村	VgkuiP	1	31.698444	131.130432	https://geoshape.ex.nii.ac.jp/app/search-nrct?key=寺柱村
https://honkoku.org/app/#/transcription/75A1C429BC371D7BD6D255F4F426A6D5/15	日向国郷帳	15	諸県郡	四百九拾六石七斗四升六合	496.746		後挍村		0			https://geoshape.ex.nii.ac.jp/app/search-nrct?key=後挍村
https://honkoku.org/app/#/transcription/75A1C429BC371D7BD6D255F4F426A6D5/16	日向国郷帳	16	諸県郡	九百拾九石八斗七升七合	919.877		安久村	CkUeCC	1	31.662416	131.125763	https://geoshape.ex.nii.ac.jp/app/search-nrct?key=安久村
https://honkoku.org/app/#/transcription/75A1C429BC371D7BD6D255F4F426A6D5/16	日向国郷帳	16	諸県郡	六百九石五升九合	609.059		田辺村	zgN4OU	1	31.689632	131.11113	https://geoshape.ex.nii.ac.jp/app/search-nrct?key=田辺村
https://honkoku.org/app/#/transcription/75A1C429BC371D7BD6D255F4F426A6D5/16	日向国郷帳	16	諸県郡	百石三斗六升六合六勺	100.366		屋敷村	m4Ck63	1	32.220749	130.501266	https://geoshape.ex.nii.ac.jp/app/search-nrct?key=屋敷村
https://honkoku.org/app/#/transcription/75A1C429BC371D7BD6D255F4F426A6D5/16	日向国郷帳	16	諸県郡	弐千三百五拾八石三斗壱升壱勺五才	2358.31		梅北村	IIqGg2	1	31.662567	131.055374	https://geoshape.ex.nii.ac.jp/app/search-nrct?key=梅北村
https://honkoku.org/app/#/transcription/75A1C429BC371D7BD6D255F4F426A6D5/16	日向国郷帳	16	諸県郡	弐百弐拾壱石三斗九升四合三勺	221.394		大裏村		0			https://geoshape.ex.nii.ac.jp/app/search-nrct?key=大裏村
https://honkoku.org/app/#/transcription/75A1C429BC371D7BD6D255F4F426A6D5/16	日向国郷帳	16	諸県郡	弐千百三拾四石三斗五升七合六勺	2134.357		中裏村		0			https://geoshape.ex.nii.ac.jp/app/search-nrct?key=中裏村
https://honkoku.org/app/#/transcription/75A1C429BC371D7BD6D255F4F426A6D5/16	日向国郷帳	16	諸県郡	千三百三拾壱石八升	1331.08		新橋村	WCNuw7	1	31.588354	131.044952	https://geoshape.ex.nii.ac.jp/app/search-nrct?key=新橋村
https://honkoku.org/app/#/transcription/75A1C429BC371D7BD6D255F4F426A6D5/16	日向国郷帳	16	諸県郡	九百九石弐斗六升	909.26		尾野見村	2KaS8w	1	31.545053	131.101913	https://geoshape.ex.nii.ac.jp/app/search-nrct?key=尾野見村
https://honkoku.org/app/#/transcription/75A1C429BC371D7BD6D255F4F426A6D5/17	日向国郷帳	17	諸県郡	千三百拾弐石七斗五升八合	1312.758		井崎田村		0			https://geoshape.ex.nii.ac.jp/app/search-nrct?key=井崎田村
https://honkoku.org/app/#/transcription/75A1C429BC371D7BD6D255F4F426A6D5/17	日向国郷帳	17	諸県郡	五百四拾九石九斗八升壱合	549.981		田之浦村	Qeo6UH	1	31.576012	131.142715	https://geoshape.ex.nii.ac.jp/app/search-nrct?key=田之浦村
https://honkoku.org/app/#/transcription/75A1C429BC371D7BD6D255F4F426A6D5/17	日向国郷帳	17	諸県郡	千百六拾四石三斗壱升八合六才	1164.318		内之蔵村		0			https://geoshape.ex.nii.ac.jp/app/search-nrct?key=内之蔵村
https://honkoku.org/app/#/transcription/75A1C429BC371D7BD6D255F4F426A6D5/17	日向国郷帳	17	諸県郡	弐千拾三石九升七合三勺	2013.097		志布志村		0			https://geoshape.ex.nii.ac.jp/app/search-nrct?key=志布志村
https://honkoku.org/app/#/transcription/75A1C429BC371D7BD6D255F4F426A6D5/17	日向国郷帳	17	諸県郡	弐百弐拾九石壱斗五升五合	229.155		夏井村	TyEkIp	1	31.473164	131.143936	https://geoshape.ex.nii.ac.jp/app/search-nrct?key=夏井村
https://honkoku.org/app/#/transcription/75A1C429BC371D7BD6D255F4F426A6D5/17	日向国郷帳	17	諸県郡	千九百八拾七石八斗三升弐合四勺	1987.832		安楽村	K60Igg	1	31.485195	131.07196	https://geoshape.ex.nii.ac.jp/app/search-nrct?key=安楽村
https://honkoku.org/app/#/transcription/75A1C429BC371D7BD6D255F4F426A6D5/17	日向国郷帳	17	諸県郡	六百弐拾壱石四斗八升八合三勺	621.488		野井倉村	ssYCs2	1	31.48245	131.047577	https://geoshape.ex.nii.ac.jp/app/search-nrct?key=野井倉村
https://honkoku.org/app/#/transcription/75A1C429BC371D7BD6D255F4F426A6D5/17	日向国郷帳	17	諸県郡	七百八拾石壱斗七升八合九勺	780.178		今村	NO828N	6	32.723309	131.167389	https://geoshape.ex.nii.ac.jp/app/search-nrct?key=今村
https://honkoku.org/app/#/transcription/75A1C429BC371D7BD6D255F4F426A6D5/18	日向国郷帳	18	諸県郡	六百四拾三石四斗七升三合	643.473		堀内村		0			https://geoshape.ex.nii.ac.jp/app/search-nrct?key=堀内村
https://honkoku.org/app/#/transcription/75A1C429BC371D7BD6D255F4F426A6D5/18	日向国郷帳	18	諸県郡	四百四拾石壱斗壱升四合三勺	440.114		原田村	QU44ql	5	32.021584	130.872269	https://geoshape.ex.nii.ac.jp/app/search-nrct?key=原田村
https://honkoku.org/app/#/transcription/75A1C429BC371D7BD6D255F4F426A6D5/18	日向国郷帳	18	諸県郡	四百拾壱石三斗六升九合	411.369		野神村	yAeW2r	1	31.494305	130.987152	https://geoshape.ex.nii.ac.jp/app/search-nrct?key=野神村
https://honkoku.org/app/#/transcription/75A1C429BC371D7BD6D255F4F426A6D5/18	日向国郷帳	18	諸県郡	千百八拾六石六斗弐合九勺五才	1186.602		益丸村	4qq0Wn	1	31.426163	131.031296	https://geoshape.ex.nii.ac.jp/app/search-nrct?key=益丸村
https://honkoku.org/app/#/transcription/75A1C429BC371D7BD6D255F4F426A6D5/18	日向国郷帳	18	諸県郡	九百拾九石八斗四升八合弐勺	919.848		横瀬村	1naN6D	1	31.413136	131.0215	https://geoshape.ex.nii.ac.jp/app/search-nrct?key=横瀬村
https://honkoku.org/app/#/transcription/75A1C429BC371D7BD6D255F4F426A6D5/18	日向国郷帳	18	諸県郡	千弐百弐拾弐石九斗七升六合壱勺	1222.976		仮宿村	VYNoud	1	31.435509	130.997314	https://geoshape.ex.nii.ac.jp/app/search-nrct?key=仮宿村
https://honkoku.org/app/#/transcription/75A1C429BC371D7BD6D255F4F426A6D5/18	日向国郷帳	18	諸県郡	千三百四拾六石弐斗七升七合四勺	1346.277		永吉村	Y2UyiV	1	31.425631	130.978882	https://geoshape.ex.nii.ac.jp/app/search-nrct?key=永吉村
https://honkoku.org/app/#/transcription/75A1C429BC371D7BD6D255F4F426A6D5/18	日向国郷帳	18	諸県郡	弐百弐拾壱石九斗三升五合弐勺	221.935		藍之原村		0			https://geoshape.ex.nii.ac.jp/app/search-nrct?key=藍之原村
https://honkoku.org/app/#/transcription/75A1C429BC371D7BD6D255F4F426A6D5/19	日向国郷帳	19	諸県郡	弐百拾六石八斗五升七合七勺	216.857		岡別府村	gWcQcc	1	31.454868	130.984528	https://geoshape.ex.nii.ac.jp/app/search-nrct?key=岡別府村
https://honkoku.org/app/#/transcription/75A1C429BC371D7BD6D255F4F426A6D5/19	日向国郷帳	19	諸県郡	四百三拾八石三斗弐升六合	438.326		持留村	j0k00U	1	31.459667	130.96312	https://geoshape.ex.nii.ac.jp/app/search-nrct?key=持留村
https://honkoku.org/app/#/transcription/75A1C429BC371D7BD6D255F4F426A6D5/19	日向国郷帳	19	諸県郡	九百八石四斗七升弐合弐勺	908.472		野方村	n4saOC	1	31.525034	130.96022	https://geoshape.ex.nii.ac.jp/app/search-nrct?key=野方村
https://honkoku.org/app/#/transcription/75A1C429BC371D7BD6D255F4F426A6D5/19	日向国郷帳	19	諸県郡	千七百三拾五石九斗弐升五合	1735.925		槻野村		0			https://geoshape.ex.nii.ac.jp/app/search-nrct?key=槻野村
https://honkoku.org/app/#/transcription/75A1C429BC371D7BD6D255F4F426A6D5/19	日向国郷帳	19	諸県郡	三百拾四石六斗四勺	314.6		紙屋村	46YUqZ	1	31.975704	131.191795	https://geoshape.ex.nii.ac.jp/app/search-nrct?key=紙屋村
https://honkoku.org/app/#/transcription/75A1C429BC371D7BD6D255F4F426A6D5/19	日向国郷帳	19	諸県郡	百五拾石八斗三升九合	150.839		漆野村		0			https://geoshape.ex.nii.ac.jp/app/search-nrct?key=漆野村
https://honkoku.org/app/#/transcription/75A1C429BC371D7BD6D255F4F426A6D5/19	日向国郷帳	19	諸県郡	百七石三斗六升六合弐勺	107.366		去川村		0			https://geoshape.ex.nii.ac.jp/app/search-nrct?key=去川村
https://honkoku.org/app/#/transcription/75A1C429BC371D7BD6D255F4F426A6D5/19	日向国郷帳	19	諸県郡	千弐百三拾五石五斗四升四合壱勺	1235.544		浦之名村	xSUKwd	2	31.949329	131.230057	https://geoshape.ex.nii.ac.jp/app/search-nrct?key=浦之名村
https://honkoku.org/app/#/transcription/75A1C429BC371D7BD6D255F4F426A6D5/20	日向国郷帳	20	諸県郡	五拾石六斗三升七合八勺	50.637		柚木崎村		0			https://geoshape.ex.nii.ac.jp/app/search-nrct?key=柚木崎村
https://honkoku.org/app/#/transcription/75A1C429BC371D7BD6D255F4F426A6D5/20	日向国郷帳	20	諸県郡	四百五石四升六合弐勺弐才	405.046		高浜村	NsWKAL	1	31.941364	131.292282	https://geoshape.ex.nii.ac.jp/app/search-nrct?key=高浜村
https://honkoku.org/app/#/transcription/75A1C429BC371D7BD6D255F4F426A6D5/20	日向国郷帳	20	諸県郡	八百拾石六斗四升八合六勺	810.648		小山田村	SAc8ca	1	31.92514	131.309235	https://geoshape.ex.nii.ac.jp/app/search-nrct?key=小山田村
https://honkoku.org/app/#/transcription/75A1C429BC371D7BD6D255F4F426A6D5/20	日向国郷帳	20	諸県郡	千八百拾五石八斗三升弐合七勺	1815.832		蔵永村		0			https://geoshape.ex.nii.ac.jp/app/search-nrct?key=蔵永村
https://honkoku.org/app/#/transcription/75A1C429BC371D7BD6D255F4F426A6D5/20	日向国郷帳	20	諸県郡	弐百八拾四石九斗三升八合六勺	284.938		有田村	dASgnf	1	31.948959	131.37114	https://geoshape.ex.nii.ac.jp/app/search-nrct?key=有田村
https://honkoku.org/app/#/transcription/75A1C429BC371D7BD6D255F4F426A6D5/20	日向国郷帳	20	諸県郡	千弐百拾石四斗六升六合五勺	1210.466		倉岡村		0			https://geoshape.ex.nii.ac.jp/app/search-nrct?key=倉岡村
https://honkoku.org/app/#/transcription/75A1C429BC371D7BD6D255F4F426A6D5/20	日向国郷帳	20	諸県郡	三百三拾五石壱斗弐升七合三勺	335.127		花見村	Pw4Yos	1	31.951036	131.336304	https://geoshape.ex.nii.ac.jp/app/search-nrct?key=花見村
https://honkoku.org/app/#/transcription/75A1C429BC371D7BD6D255F4F426A6D5/20	日向国郷帳	20	諸県郡	八百弐拾三石七斗六升八合六勺	823.768		飯田村	JoOAN3	1	31.968712	131.30278	https://geoshape.ex.nii.ac.jp/app/search-nrct?key=飯田村
https://honkoku.org/app/#/transcription/75A1C429BC371D7BD6D255F4F426A6D5/21	日向国郷帳	21	諸県郡	五百拾四石九斗六合弐勺壱才	514.906		田尻村	Rck6ej	1	31.983133	131.306061	https://geoshape.ex.nii.ac.jp/app/search-nrct?key=田尻村
https://honkoku.org/app/#/transcription/75A1C429BC371D7BD6D255F4F426A6D5/21	日向国郷帳	21	諸県郡	三百八拾九石六斗九升七合	389.697		向高村	OSWKky	1	31.989365	131.284607	https://geoshape.ex.nii.ac.jp/app/search-nrct?key=向高村
https://honkoku.org/app/#/transcription/75A1C429BC371D7BD6D255F4F426A6D5/21	日向国郷帳	21	諸県郡	四百八拾五石六斗壱升三合弐勺	485.613		入野村	oqoc65	1	32.004463	131.267441	https://geoshape.ex.nii.ac.jp/app/search-nrct?key=入野村
https://honkoku.org/app/#/transcription/75A1C429BC371D7BD6D255F4F426A6D5/21	日向国郷帳	21	諸県郡	千弐百四石四斗八升弐合八勺	1204.482		内山村	G4qiWk	1	31.892359	131.216431	https://geoshape.ex.nii.ac.jp/app/search-nrct?key=内山村
https://honkoku.org/app/#/transcription/75A1C429BC371D7BD6D255F4F426A6D5/21	日向国郷帳	21	諸県郡	四百六拾四石四斗弐升五合	464.425		五町村	AWaYkU	1	31.876381	131.265854	https://geoshape.ex.nii.ac.jp/app/search-nrct?key=五町村
https://honkoku.org/app/#/transcription/75A1C429BC371D7BD6D255F4F426A6D5/21	日向国郷帳	21	諸県郡	千六百拾弐石三斗八合七才	1612.308		広沢谷村		0			https://geoshape.ex.nii.ac.jp/app/search-nrct?key=広沢谷村
https://honkoku.org/app/#/transcription/75A1C429BC371D7BD6D255F4F426A6D5/21	日向国郷帳	21	諸県郡	千四百八拾壱石六斗三升壱合壱勺	1481.631		北方村	fg8oa5	8	31.928155	131.418909	https://geoshape.ex.nii.ac.jp/app/search-nrct?key=北方村
https://honkoku.org/app/#/transcription/75A1C429BC371D7BD6D255F4F426A6D5/21	日向国郷帳	21	諸県郡	八百五拾六石六斗四升三合六勺	856.643		南方村	osEWAd	2	31.962046	131.424545	https://geoshape.ex.nii.ac.jp/app/search-nrct?key=南方村
https://honkoku.org/app/#/transcription/75A1C429BC371D7BD6D255F4F426A6D5/22	日向国郷帳	22	諸県郡	三百八拾六石八斗壱升六合	386.816		切畑村		0			https://geoshape.ex.nii.ac.jp/app/search-nrct?key=切畑村
https://honkoku.org/app/#/transcription/75A1C429BC371D7BD6D255F4F426A6D5/22	日向国郷帳	22	諸県郡	三百五拾三石九斗五升三合八勺	353.953		大裏村		0			https://geoshape.ex.nii.ac.jp/app/search-nrct?key=大裏村
https://honkoku.org/app/#/transcription/75A1C429BC371D7BD6D255F4F426A6D5/22	日向国郷帳	22	諸県郡	弐百三拾七石四斗壱升壱合壱勺	237.411		目黒村		0			https://geoshape.ex.nii.ac.jp/app/search-nrct?key=目黒村
https://honkoku.org/app/#/transcription/75A1C429BC371D7BD6D255F4F426A6D5/22	日向国郷帳	22	諸県郡	千四百五拾石五斗六升三合六勺	1450.563		深歳村		0			https://geoshape.ex.nii.ac.jp/app/search-nrct?key=深歳村
https://honkoku.org/app/#/transcription/75A1C429BC371D7BD6D255F4F426A6D5/22	日向国郷帳	22	諸県郡	八拾三石六斗四升七合五勺	83.647		樋渡村		0			https://geoshape.ex.nii.ac.jp/app/search-nrct?key=樋渡村
https://honkoku.org/app/#/transcription/75A1C429BC371D7BD6D255F4F426A6D5/22	日向国郷帳	22	諸県郡	百弐拾九石八斗三升八合四勺	129.838		川上村	1nk4o6	1	31.659065	130.562454	https://geoshape.ex.nii.ac.jp/app/search-nrct?key=川上村
https://honkoku.org/app/#/transcription/75A1C429BC371D7BD6D255F4F426A6D5/22	日向国郷帳	22	諸県郡	五百三拾四石七斗六升三合	534.763		樋渡村		0			https://geoshape.ex.nii.ac.jp/app/search-nrct?key=樋渡村
https://honkoku.org/app/#/transcription/75A1C429BC371D7BD6D255F4F426A6D5/22	日向国郷帳	22	諸県郡	弐百四拾七石弐斗三合弐勺	247.203		北俣村	3I6Ss8	3	32.040154	131.322998	https://geoshape.ex.nii.ac.jp/app/search-nrct?key=北俣村
https://honkoku.org/app/#/transcription/75A1C429BC371D7BD6D255F4F426A6D5/23	日向国郷帳	23	諸県郡	四百石三斗四升四合壱勺	400.344		上床村		0			https://geoshape.ex.nii.ac.jp/app/search-nrct?key=上床村
https://honkoku.org/app/#/transcription/75A1C429BC371D7BD6D255F4F426A6D5/23	日向国郷帳	23	諸県郡	千六百六石五斗九升四合六勺	1606.594		山内村		0			https://geoshape.ex.nii.ac.jp/app/search-nrct?key=山内村
https://honkoku.org/app/#/transcription/75A1C429BC371D7BD6D255F4F426A6D5/23	日向国郷帳	23	諸県郡	弐百四拾八石六斗九升	248.69		伊佐生村	6Ne2gQ	1	32.016525	131.344727	https://geoshape.ex.nii.ac.jp/app/search-nrct?key=伊佐生村
https://honkoku.org/app/#/transcription/75A1C429BC371D7BD6D255F4F426A6D5/23	日向国郷帳	23	諸県郡	五百八拾七石六斗九升	587.69		三名村	ln8Ygn	1	32.011185	131.363022	https://geoshape.ex.nii.ac.jp/app/search-nrct?key=三名村
https://honkoku.org/app/#/transcription/75A1C429BC371D7BD6D255F4F426A6D5/23	日向国郷帳	23	諸県郡	千百四拾三石四升	1143.04		木脇村	cUCqSg	1	31.994492	131.365295	https://geoshape.ex.nii.ac.jp/app/search-nrct?key=木脇村
https://honkoku.org/app/#/transcription/75A1C429BC371D7BD6D255F4F426A6D5/23	日向国郷帳	23	諸県郡	百六拾壱石弐斗五升四合	161.254		塚原村	ii0OuF	1	31.978643	131.364075	https://geoshape.ex.nii.ac.jp/app/search-nrct?key=塚原村
https://honkoku.org/app/#/transcription/75A1C429BC371D7BD6D255F4F426A6D5/23	日向国郷帳	23	諸県郡	三百六拾七石四斗七升	367.47		岩地野村		0			https://geoshape.ex.nii.ac.jp/app/search-nrct?key=岩地野村
https://honkoku.org/app/#/transcription/75A1C429BC371D7BD6D255F4F426A6D5/23	日向国郷帳	23	諸県郡	三百六拾石九斗五升	360.95		吉野村	n2wSOo	2	31.973455	131.335205	https://geoshape.ex.nii.ac.jp/app/search-nrct?key=吉野村
https://honkoku.org/app/#/transcription/75A1C429BC371D7BD6D255F4F426A6D5/24	日向国郷帳	24	諸県郡	五百弐拾弐石八斗四升	522.84		嵐田村	Ugsg00	1	31.973648	131.316254	https://geoshape.ex.nii.ac.jp/app/search-nrct?key=嵐田村
https://honkoku.org/app/#/transcription/75A1C429BC371D7BD6D255F4F426A6D5/24	日向国郷帳	24	諸県郡	四百五拾八石三升四合弐勺	458.034		森永村	IKGqKa	1	32.005104	131.285065	https://geoshape.ex.nii.ac.jp/app/search-nrct?key=森永村
https://honkoku.org/app/#/transcription/75A1C429BC371D7BD6D255F4F426A6D5/24	日向国郷帳	24	諸県郡	弐千弐百三石四升弐合	2203.042		本庄村	CCi28K	1	31.997206	131.33049	https://geoshape.ex.nii.ac.jp/app/search-nrct?key=本庄村
https://honkoku.org/app/#/transcription/75A1C429BC371D7BD6D255F4F426A6D5/24	日向国郷帳	24	諸県郡	弐百五拾九石九斗壱合	259.901		竹田村	LOOAwR	1	31.998043	131.293304	https://geoshape.ex.nii.ac.jp/app/search-nrct?key=竹田村
https://honkoku.org/app/#/transcription/75A1C429BC371D7BD6D255F4F426A6D5/24	日向国郷帳	24	諸県郡	九百四拾石壱斗四合六勺三才	940.104		須志田村	FGygWs	1	32.015873	131.281708	https://geoshape.ex.nii.ac.jp/app/search-nrct?key=須志田村
https://honkoku.org/app/#/transcription/75A1C429BC371D7BD6D255F4F426A6D5/25	日向国郷帳	25	宮崎郡	弐百三拾弐石四斗六升	232.46		宮王丸村	XkAqOI	1	31.984299	131.346283	https://geoshape.ex.nii.ac.jp/app/search-nrct?key=宮王丸村
https://honkoku.org/app/#/transcription/75A1C429BC371D7BD6D255F4F426A6D5/25	日向国郷帳	25	宮崎郡	百五拾壱石六升	151.06		堤内村	jIgEYF	1	31.969784	131.346909	https://geoshape.ex.nii.ac.jp/app/search-nrct?key=堤内村
https://honkoku.org/app/#/transcription/75A1C429BC371D7BD6D255F4F426A6D5/25	日向国郷帳	25	宮崎郡	四百九拾弐石三斗三升	492.33		金崎村	gE8ucY	1	31.970118	131.36203	https://geoshape.ex.nii.ac.jp/app/search-nrct?key=金崎村
https://honkoku.org/app/#/transcription/75A1C429BC371D7BD6D255F4F426A6D5/25	日向国郷帳	25	宮崎郡	四千百八拾三石七斗八升六合三勺	4183.786		瓜生野村	p6E2C6	1	31.984175	131.394638	https://geoshape.ex.nii.ac.jp/app/search-nrct?key=瓜生野村
https://honkoku.org/app/#/transcription/75A1C429BC371D7BD6D255F4F426A6D5/25	日向国郷帳	25	宮崎郡	六百九拾壱石三斗三升四合五勺弐才	691.334		上北方村	yyiE2d	1	31.963963	131.405304	https://geoshape.ex.nii.ac.jp/app/search-nrct?key=上北方村
https://honkoku.org/app/#/transcription/75A1C429BC371D7BD6D255F4F426A6D5/25	日向国郷帳	25	宮崎郡	千九百弐拾壱石九斗六升六合四勺六才	1921.966		池内村	lowNNv	1	31.960957	131.414398	https://geoshape.ex.nii.ac.jp/app/search-nrct?key=池内村
https://honkoku.org/app/#/transcription/75A1C429BC371D7BD6D255F4F426A6D5/25	日向国郷帳	25	宮崎郡	五百九拾三石六斗七升五合七勺六才	593.675		南方村	osEWAd	1	31.962046	131.424545	https://geoshape.ex.nii.ac.jp/app/search-nrct?key=南方村
https://honkoku.org/app/#/transcription/75A1C429BC371D7BD6D255F4F426A6D5/26	日向国郷帳	26	宮崎郡	六百拾九石九斗五升四合五勺三才	619.954		村角村	xUiy2l	1	31.951148	131.443756	https://geoshape.ex.nii.ac.jp/app/search-nrct?key=村角村
https://honkoku.org/app/#/transcription/75A1C429BC371D7BD6D255F4F426A6D5/26	日向国郷帳	26	宮崎郡	六百三石六斗五升六勺七才	603.65		大島村	uQ2kcC	1	31.942397	131.440893	https://geoshape.ex.nii.ac.jp/app/search-nrct?key=大島村
https://honkoku.org/app/#/transcription/75A1C429BC371D7BD6D255F4F426A6D5/26	日向国郷帳	26	宮崎郡	千六拾石九升九合九勺九才	1060.099		花ヶ島町	rNUaqV	1	31.946103	131.435519	https://geoshape.ex.nii.ac.jp/app/search-nrct?key=花ヶ島町
https://honkoku.org/app/#/transcription/75A1C429BC371D7BD6D255F4F426A6D5/26	日向国郷帳	26	宮崎郡	千五百五石六斗六升三合六勺六才	1505.663		下北方村	fg8oa5	1	31.928155	131.418909	https://geoshape.ex.nii.ac.jp/app/search-nrct?key=下北方村
https://honkoku.org/app/#/transcription/75A1C429BC371D7BD6D255F4F426A6D5/26	日向国郷帳	26	宮崎郡	三百四拾石七斗壱升九合三勺	340.719		名田村	ikgyYM	1	31.946976	131.416748	https://geoshape.ex.nii.ac.jp/app/search-nrct?key=名田村
https://honkoku.org/app/#/transcription/75A1C429BC371D7BD6D255F4F426A6D5/26	日向国郷帳	26	宮崎郡	千三百弐拾八石弐升六合六勺壱才	1328.026		上別府村	3KnCWg	1	31.916157	131.42406	https://geoshape.ex.nii.ac.jp/app/search-nrct?key=上別府村
https://honkoku.org/app/#/transcription/75A1C429BC371D7BD6D255F4F426A6D5/26	日向国郷帳	26	宮崎郡	千弐百七拾九石五斗六合四勺七才	1279.506		跡江村	146u8q	1	31.944674	131.385803	https://geoshape.ex.nii.ac.jp/app/search-nrct?key=跡江村
https://honkoku.org/app/#/transcription/75A1C429BC371D7BD6D255F4F426A6D5/26	日向国郷帳	26	宮崎郡	七百八拾六石四斗七升弐合弐勺四才	786.472		小松村	Y0YkkI	1	31.937302	131.402039	https://geoshape.ex.nii.ac.jp/app/search-nrct?key=小松村
https://honkoku.org/app/#/transcription/75A1C429BC371D7BD6D255F4F426A6D5/27	日向国郷帳	27	宮崎郡	千七百弐拾三石九斗三升八合七勺三才	1723.938		大塚村	Jq4oib	1	31.912643	131.399404	https://geoshape.ex.nii.ac.jp/app/search-nrct?key=大塚村
https://honkoku.org/app/#/transcription/75A1C429BC371D7BD6D255F4F426A6D5/27	日向国郷帳	27	宮崎郡	三千百四拾七石三斗八升弐勺五才	3147.38		太田村	AYqIO2	1	31.901029	131.41474	https://geoshape.ex.nii.ac.jp/app/search-nrct?key=太田村
https://honkoku.org/app/#/transcription/75A1C429BC371D7BD6D255F4F426A6D5/27	日向国郷帳	27	宮崎郡	三百三拾石六斗壱合九勺四才	330.601		源藤村	GnO6ss	1	31.882789	131.414602	https://geoshape.ex.nii.ac.jp/app/search-nrct?key=源藤村
https://honkoku.org/app/#/transcription/75A1C429BC371D7BD6D255F4F426A6D5/27	日向国郷帳	27	宮崎郡	八百五拾弐石七升弐合五勺六才	852.072		生目村	Nucy6T	1	31.913034	131.380066	https://geoshape.ex.nii.ac.jp/app/search-nrct?key=生目村
https://honkoku.org/app/#/transcription/75A1C429BC371D7BD6D255F4F426A6D5/27	日向国郷帳	27	宮崎郡	五百四拾三石八斗五升弐勺三才	543.85		柏原村	48nIW8	1	31.937855	131.370789	https://geoshape.ex.nii.ac.jp/app/search-nrct?key=柏原村
https://honkoku.org/app/#/transcription/75A1C429BC371D7BD6D255F4F426A6D5/27	日向国郷帳	27	宮崎郡	千弐百六拾壱石九斗八升七合	1261.987		浮田村	SSAWIj	1	31.922773	131.379013	https://geoshape.ex.nii.ac.jp/app/search-nrct?key=浮田村
https://honkoku.org/app/#/transcription/75A1C429BC371D7BD6D255F4F426A6D5/27	日向国郷帳	27	宮崎郡	千三百六拾九石壱斗八升九勺八才	1369.18		富吉村	7sCWNR	1	31.936562	131.35347	https://geoshape.ex.nii.ac.jp/app/search-nrct?key=富吉村
https://honkoku.org/app/#/transcription/75A1C429BC371D7BD6D255F4F426A6D5/27	日向国郷帳	27	宮崎郡	四百五拾八石弐升弐合四勺三才	458.022		長嶺村	VWQay2	1	31.923403	131.356186	https://geoshape.ex.nii.ac.jp/app/search-nrct?key=長嶺村
https://honkoku.org/app/#/transcription/75A1C429BC371D7BD6D255F4F426A6D5/28	日向国郷帳	28	宮崎郡	九百三拾三石三斗六升三合四勺七才	933.363		細江村	PykISA	1	31.895298	131.342285	https://geoshape.ex.nii.ac.jp/app/search-nrct?key=細江村
https://honkoku.org/app/#/transcription/75A1C429BC371D7BD6D255F4F426A6D5/28	日向国郷帳	28	宮崎郡	千六百六拾八石八斗三升三合四勺弐才	1668.833		船引村	OasGUJ	1	31.863562	131.374695	https://geoshape.ex.nii.ac.jp/app/search-nrct?key=船引村
https://honkoku.org/app/#/transcription/75A1C429BC371D7BD6D255F4F426A6D5/28	日向国郷帳	28	宮崎郡	弐千六百五石六斗壱升三合	2605.613		加納村	ReAQGq	1	31.873455	131.389076	https://geoshape.ex.nii.ac.jp/app/search-nrct?key=加納村
https://honkoku.org/app/#/transcription/75A1C429BC371D7BD6D255F4F426A6D5/28	日向国郷帳	28	宮崎郡	弐千九拾六石三斗八升六合	2096.386		木原村	UiI0u7	1	31.844402	131.403473	https://geoshape.ex.nii.ac.jp/app/search-nrct?key=木原村
https://honkoku.org/app/#/transcription/75A1C429BC371D7BD6D255F4F426A6D5/28	日向国郷帳	28	宮崎郡	千九百弐拾石三斗壱升三合	1920.313		今泉村	XnQaiP	1	31.822521	131.352417	https://geoshape.ex.nii.ac.jp/app/search-nrct?key=今泉村
https://honkoku.org/app/#/transcription/75A1C429BC371D7BD6D255F4F426A6D5/28	日向国郷帳	28	宮崎郡	千八百九拾石壱斗四升九合	1890.149		田野村	0Ges8y	1	31.848043	131.307781	https://geoshape.ex.nii.ac.jp/app/search-nrct?key=田野村
https://honkoku.org/app/#/transcription/75A1C429BC371D7BD6D255F4F426A6D5/29	日向国郷帳	29	那珂郡	千九百弐拾六石弐斗壱升壱合	1926.211		上田島村	wwis0s	1	32.049641	131.420609	https://geoshape.ex.nii.ac.jp/app/search-nrct?key=上田島村
https://honkoku.org/app/#/transcription/75A1C429BC371D7BD6D255F4F426A6D5/29	日向国郷帳	29	那珂郡	弐千四百九拾九石三升壱合	2499.031		下田島村	zAqCOa	1	32.032696	131.481354	https://geoshape.ex.nii.ac.jp/app/search-nrct?key=下田島村
https://honkoku.org/app/#/transcription/75A1C429BC371D7BD6D255F4F426A6D5/29	日向国郷帳	29	那珂郡	三千三百拾九石五斗四升八合	3319.548		上那珂村	L6cs40	1	32.026461	131.417313	https://geoshape.ex.nii.ac.jp/app/search-nrct?key=上那珂村
https://honkoku.org/app/#/transcription/75A1C429BC371D7BD6D255F4F426A6D5/29	日向国郷帳	29	那珂郡	千六百弐拾八石九斗八升弐合	1628.982		下那珂村	INWaeh	1	32.004536	131.462936	https://geoshape.ex.nii.ac.jp/app/search-nrct?key=下那珂村
https://honkoku.org/app/#/transcription/75A1C429BC371D7BD6D255F4F426A6D5/29	日向国郷帳	29	那珂郡	三百拾三石四斗五升七合	313.457		袋広瀬村	CEGQCS	1	32.018616	131.472145	https://geoshape.ex.nii.ac.jp/app/search-nrct?key=袋広瀬村
https://honkoku.org/app/#/transcription/75A1C429BC371D7BD6D255F4F426A6D5/29	日向国郷帳	29	那珂郡	四百六拾弐石八斗七升六合	462.876		石崎村	FIO0qz	1	32.004536	131.462936	https://geoshape.ex.nii.ac.jp/app/search-nrct?key=石崎村
https://honkoku.org/app/#/transcription/75A1C429BC371D7BD6D255F4F426A6D5/29	日向国郷帳	29	那珂郡	千百六拾壱石七斗八升弐合	1161.782		広原村	M8kI8N	1	31.998589	131.425842	https://geoshape.ex.nii.ac.jp/app/search-nrct?key=広原村
https://honkoku.org/app/#/transcription/75A1C429BC371D7BD6D255F4F426A6D5/30	日向国郷帳	30	那珂郡	千六百拾壱石五斗四升七合八勺八才	1611.547	《割書：古者《場所：広原村》》	島之内村	KOWng2	1	31.987791	131.454819	https://geoshape.ex.nii.ac.jp/app/search-nrct?key=島之内村
https://honkoku.org/app/#/transcription/75A1C429BC371D7BD6D255F4F426A6D5/30	日向国郷帳	30	那珂郡	八百九拾九石三斗弐升六合	899.326		新名爪村	BCqOQV	1	31.979862	131.425812	https://geoshape.ex.nii.ac.jp/app/search-nrct?key=新名爪村
https://honkoku.org/app/#/transcription/75A1C429BC371D7BD6D255F4F426A6D5/30	日向国郷帳	30	那珂郡	八百拾六石八斗八合九勺五才	816.808	《割書：古者《場所：新名爪村》》	芳士村	EGG2GE	1	31.965897	131.444763	https://geoshape.ex.nii.ac.jp/app/search-nrct?key=芳士村
https://honkoku.org/app/#/transcription/75A1C429BC371D7BD6D255F4F426A6D5/30	日向国郷帳	30	那珂郡	三百八拾石五升壱合五勺五才	380.051	《割書：古者《場所：塩路御手洗村》》	塩路村	HKOcsk	1	31.97781	131.473557	https://geoshape.ex.nii.ac.jp/app/search-nrct?key=塩路村
https://honkoku.org/app/#/transcription/75A1C429BC371D7BD6D255F4F426A6D5/30	日向国郷帳	30	那珂郡	百九拾壱石五斗九升壱合六勺弐才	191.591		山崎村	QcsSWu	1	31.95495	131.467422	https://geoshape.ex.nii.ac.jp/app/search-nrct?key=山崎村
https://honkoku.org/app/#/transcription/75A1C429BC371D7BD6D255F4F426A6D5/30	日向国郷帳	30	那珂郡	八百拾石七斗五升八合六勺三才	810.758		江田村	TgA2Kc	1	31.93943	131.459885	https://geoshape.ex.nii.ac.jp/app/search-nrct?key=江田村
https://honkoku.org/app/#/transcription/75A1C429BC371D7BD6D255F4F426A6D5/30	日向国郷帳	30	那珂郡	七百七拾七石九斗九升五合三勺七才	777.995		新別府村	WkIcwT	1	31.921417	131.455887	https://geoshape.ex.nii.ac.jp/app/search-nrct?key=新別府村
https://honkoku.org/app/#/transcription/75A1C429BC371D7BD6D255F4F426A6D5/30	日向国郷帳	30	那珂郡	弐千百弐拾七石五升九合三才	2127.059		吉村	ZoYqnB	3	31.910224	131.444799	https://geoshape.ex.nii.ac.jp/app/search-nrct?key=吉村
https://honkoku.org/app/#/transcription/75A1C429BC371D7BD6D255F4F426A6D5/31	日向国郷帳	31	那珂郡	百八拾七石八斗六升六合弐勺	187.866		下別府村	2IeEaj	1	31.907105	131.44816	https://geoshape.ex.nii.ac.jp/app/search-nrct?key=下別府村
https://honkoku.org/app/#/transcription/75A1C429BC371D7BD6D255F4F426A6D5/31	日向国郷帳	31	那珂郡	百八石六斗九升弐合壱勺	108.692		福島村	ee0qq9	1	31.864439	131.449112	https://geoshape.ex.nii.ac.jp/app/search-nrct?key=福島村
https://honkoku.org/app/#/transcription/75A1C429BC371D7BD6D255F4F426A6D5/31	日向国郷帳	31	那珂郡	弐千百六拾壱石七斗壱升八合	2161.718		恒久村	5NnOY1	1	31.892348	131.418355	https://geoshape.ex.nii.ac.jp/app/search-nrct?key=恒久村
https://honkoku.org/app/#/transcription/75A1C429BC371D7BD6D255F4F426A6D5/31	日向国郷帳	31	那珂郡	六百七石三升壱合	607.031		田吉村	bUKcAr	1	31.873182	131.436157	https://geoshape.ex.nii.ac.jp/app/search-nrct?key=田吉村
https://honkoku.org/app/#/transcription/75A1C429BC371D7BD6D255F4F426A6D5/31	日向国郷帳	31	那珂郡	千九百弐拾壱石弐斗七升四合	1921.274		北方村	hi8AcQ	2	31.87173	131.420971	https://geoshape.ex.nii.ac.jp/app/search-nrct?key=北方村
https://honkoku.org/app/#/transcription/75A1C429BC371D7BD6D255F4F426A6D5/31	日向国郷帳	31	那珂郡	弐千七百六拾三石四斗九升九合	2763.499		郡司分村	mqwYOg	1	31.857809	131.421715	https://geoshape.ex.nii.ac.jp/app/search-nrct?key=郡司分村
https://honkoku.org/app/#/transcription/75A1C429BC371D7BD6D255F4F426A6D5/31	日向国郷帳	31	那珂郡	弐千百七石八斗七升九合	2107.879		南方村	kngK0y	1	31.86128	131.427744	https://geoshape.ex.nii.ac.jp/app/search-nrct?key=南方村
https://honkoku.org/app/#/transcription/75A1C429BC371D7BD6D255F4F426A6D5/31	日向国郷帳	31	那珂郡	千六百九拾七石九斗弐升	1697.92		隈野村	tOUnsG	1	31.830428	131.426462	https://geoshape.ex.nii.ac.jp/app/search-nrct?key=隈野村
https://honkoku.org/app/#/transcription/75A1C429BC371D7BD6D255F4F426A6D5/32	日向国郷帳	32	那珂郡	四千六拾七石九斗壱升四合	4067.914		加江田村	zWiK46	1	31.821363	131.422596	https://geoshape.ex.nii.ac.jp/app/search-nrct?key=加江田村
https://honkoku.org/app/#/transcription/75A1C429BC371D7BD6D255F4F426A6D5/32	日向国郷帳	32	那珂郡	三百五石九升三合	305.093		鏡洲村	wS2wem	1	31.801279	131.380127	https://geoshape.ex.nii.ac.jp/app/search-nrct?key=鏡洲村
https://honkoku.org/app/#/transcription/75A1C429BC371D7BD6D255F4F426A6D5/32	日向国郷帳	32	那珂郡	弐百六拾六石四斗五升	266.45		伊比井村	HnGkIh	1	31.727432	131.426712	https://geoshape.ex.nii.ac.jp/app/search-nrct?key=伊比井村
https://honkoku.org/app/#/transcription/75A1C429BC371D7BD6D255F4F426A6D5/32	日向国郷帳	32	那珂郡	百七拾弐石三斗七升九合	172.379		富土村	E2q6Uz	1	31.695953	131.429565	https://geoshape.ex.nii.ac.jp/app/search-nrct?key=富土村
https://honkoku.org/app/#/transcription/75A1C429BC371D7BD6D255F4F426A6D5/32	日向国郷帳	32	那珂郡	四百四拾五石四斗六升四合	445.464		宮浦村	BYiW6R	1	31.652023	131.444351	https://geoshape.ex.nii.ac.jp/app/search-nrct?key=宮浦村
https://honkoku.org/app/#/transcription/75A1C429BC371D7BD6D255F4F426A6D5/32	日向国郷帳	32	那珂郡	弐千五百八拾壱石弐斗壱升七合	2581.217		郷之原村	Ls4AkW	1	31.71962	131.37738	https://geoshape.ex.nii.ac.jp/app/search-nrct?key=郷之原村
https://honkoku.org/app/#/transcription/75A1C429BC371D7BD6D255F4F426A6D5/32	日向国郷帳	32	那珂郡	七百三拾三石壱升四合	733.014		北河内村	OwcK8E	1	31.726557	131.297287	https://geoshape.ex.nii.ac.jp/app/search-nrct?key=北河内村
https://honkoku.org/app/#/transcription/75A1C429BC371D7BD6D255F4F426A6D5/32	日向国郷帳	32	那珂郡	千四百拾弐石九斗弐升四合	1412.924		板敷村	xg2Cgg	1	31.647259	131.351303	https://geoshape.ex.nii.ac.jp/app/search-nrct?key=板敷村
https://honkoku.org/app/#/transcription/75A1C429BC371D7BD6D255F4F426A6D5/33	日向国郷帳	33	那珂郡	千六百三拾五石五斗五升	1635.55		大藤村	IoWnwf	1	31.65896	131.38443	https://geoshape.ex.nii.ac.jp/app/search-nrct?key=大藤村
https://honkoku.org/app/#/transcription/75A1C429BC371D7BD6D255F4F426A6D5/33	日向国郷帳	33	那珂郡	千八拾八石七斗三升五合	1088.735		松永村	jk8NeB	1	31.642363	131.399689	https://geoshape.ex.nii.ac.jp/app/search-nrct?key=松永村
https://honkoku.org/app/#/transcription/75A1C429BC371D7BD6D255F4F426A6D5/33	日向国郷帳	33	那珂郡	八百七拾三石弐斗四合	873.204		風田村	yUaNi9	1	31.621136	131.42778	https://geoshape.ex.nii.ac.jp/app/search-nrct?key=風田村
https://honkoku.org/app/#/transcription/75A1C429BC371D7BD6D255F4F426A6D5/33	日向国郷帳	33	那珂郡	千七拾八石七斗弐升六合	1078.726	《割書：《場所：東弁分村》枝郷》	上東村		0			https://geoshape.ex.nii.ac.jp/app/search-nrct?key=上東村
https://honkoku.org/app/#/transcription/75A1C429BC371D7BD6D255F4F426A6D5/33	日向国郷帳	33	那珂郡	八百六拾五石五斗七升六合	865.576		殿所村	gg0CsU	1	31.62499	131.375397	https://geoshape.ex.nii.ac.jp/app/search-nrct?key=殿所村
https://honkoku.org/app/#/transcription/75A1C429BC371D7BD6D255F4F426A6D5/33	日向国郷帳	33	那珂郡	五百八拾弐石九升弐合	582.092		東弁分村	noo04k	2	31.636521	131.397194	https://geoshape.ex.nii.ac.jp/app/search-nrct?key=東弁分村
https://honkoku.org/app/#/transcription/75A1C429BC371D7BD6D255F4F426A6D5/33	日向国郷帳	33	那珂郡	千弐百五拾七石弐斗五升六合	1257.256		益安村	swEkEJ	1	31.609898	131.395126	https://geoshape.ex.nii.ac.jp/app/search-nrct?key=益安村
https://honkoku.org/app/#/transcription/75A1C429BC371D7BD6D255F4F426A6D5/33	日向国郷帳	33	那珂郡	三百五拾壱石三斗七升七合	351.377		平山村	vQUyur	1	31.601501	131.409195	https://geoshape.ex.nii.ac.jp/app/search-nrct?key=平山村
https://honkoku.org/app/#/transcription/75A1C429BC371D7BD6D255F4F426A6D5/34	日向国郷帳	34	那珂郡	弐千弐百七拾壱石七斗六升七合	2271.767		星倉村	GIGeIp	1	31.623955	131.365612	https://geoshape.ex.nii.ac.jp/app/search-nrct?key=星倉村
https://honkoku.org/app/#/transcription/75A1C429BC371D7BD6D255F4F426A6D5/34	日向国郷帳	34	那珂郡	八百五拾三石弐斗七合	853.207		楠原村	DEy4UH	1	31.617216	131.344803	https://geoshape.ex.nii.ac.jp/app/search-nrct?key=楠原村
https://honkoku.org/app/#/transcription/75A1C429BC371D7BD6D255F4F426A6D5/34	日向国郷帳	34	那珂郡	千百四拾四石七斗四合	1144.704		吉野方村	AAiQ4Y	1	31.646275	131.315323	https://geoshape.ex.nii.ac.jp/app/search-nrct?key=吉野方村
https://honkoku.org/app/#/transcription/75A1C429BC371D7BD6D255F4F426A6D5/34	日向国郷帳	34	那珂郡	千四百六拾石六斗八升	1460.68		酒谷村	dWKoCc	1	31.638285	131.263901	https://geoshape.ex.nii.ac.jp/app/search-nrct?key=酒谷村
https://honkoku.org/app/#/transcription/75A1C429BC371D7BD6D255F4F426A6D5/34	日向国郷帳	34	那珂郡	千九百五拾六石五斗五升六合	1956.556		戸高村	JNOou5	1	31.597937	131.381006	https://geoshape.ex.nii.ac.jp/app/search-nrct?key=戸高村
https://honkoku.org/app/#/transcription/75A1C429BC371D7BD6D255F4F426A6D5/34	日向国郷帳	34	那珂郡	九百七拾弐石九升七合	972.097		西弁分村	PakUax	1	31.595612	131.364868	https://geoshape.ex.nii.ac.jp/app/search-nrct?key=西弁分村
https://honkoku.org/app/#/transcription/75A1C429BC371D7BD6D255F4F426A6D5/34	日向国郷帳	34	那珂郡	千三百三拾三石八斗壱升弐合	1333.812		平野村	NQWyiM	1	31.585213	131.398613	https://geoshape.ex.nii.ac.jp/app/search-nrct?key=平野村
https://honkoku.org/app/#/transcription/75A1C429BC371D7BD6D255F4F426A6D5/34	日向国郷帳	34	那珂郡	九百七拾九石五斗壱升四合	979.514		隈谷村	Ses4Yf	1	31.581394	131.362483	https://geoshape.ex.nii.ac.jp/app/search-nrct?key=隈谷村
https://honkoku.org/app/#/transcription/75A1C429BC371D7BD6D255F4F426A6D5/35	日向国郷帳	35	那珂郡	千六拾弐石九斗四升六合	1062.946		下方村	ViAeNX	1	31.556761	131.379117	https://geoshape.ex.nii.ac.jp/app/search-nrct?key=下方村
https://honkoku.org/app/#/transcription/75A1C429BC371D7BD6D255F4F426A6D5/35	日向国郷帳	35	那珂郡	七百六石壱斗三升弐合	706.132		上方村	YnIoyE	1	31.558475	131.347977	https://geoshape.ex.nii.ac.jp/app/search-nrct?key=上方村
https://honkoku.org/app/#/transcription/75A1C429BC371D7BD6D255F4F426A6D5/35	日向国郷帳	35	那珂郡	四百拾五石弐斗三升八合	415.238		毛吉田村	1G6Gqm	1	31.575089	131.342712	https://geoshape.ex.nii.ac.jp/app/search-nrct?key=毛吉田村
https://honkoku.org/app/#/transcription/75A1C429BC371D7BD6D255F4F426A6D5/35	日向国郷帳	35	那珂郡	四百八拾三石五斗七升三合	483.573		萩之嶺村	4KeQc4	1	31.55876	131.319061	https://geoshape.ex.nii.ac.jp/app/search-nrct?key=萩之嶺村
https://honkoku.org/app/#/transcription/75A1C429BC371D7BD6D255F4F426A6D5/35	日向国郷帳	35	那珂郡	六百六拾三石五斗四升七合	663.547		塚田村	7On00N	1	31.587176	131.318214	https://geoshape.ex.nii.ac.jp/app/search-nrct?key=塚田村
https://honkoku.org/app/#/transcription/75A1C429BC371D7BD6D255F4F426A6D5/35	日向国郷帳	35	那珂郡	八百拾弐石六斗弐升四合	812.624		大窪村	aSuaOu	1	31.563656	131.293571	https://geoshape.ex.nii.ac.jp/app/search-nrct?key=大窪村
https://honkoku.org/app/#/transcription/75A1C429BC371D7BD6D255F4F426A6D5/35	日向国郷帳	35	那珂郡	七百四石五斗壱升壱合	704.511		津屋野村	366Gab	1	31.548466	131.350586	https://geoshape.ex.nii.ac.jp/app/search-nrct?key=津屋野村
https://honkoku.org/app/#/transcription/75A1C429BC371D7BD6D255F4F426A6D5/35	日向国郷帳	35	那珂郡	九百六拾九石七斗四升七合	969.747		橋之口村	9uC8OC	1	31.541019	131.304732	https://geoshape.ex.nii.ac.jp/app/search-nrct?key=橋之口村
https://honkoku.org/app/#/transcription/75A1C429BC371D7BD6D255F4F426A6D5/36	日向国郷帳	36	那珂郡	千百九拾三石六斗六升六合	1193.666		中村	RAkUUl	1	31.537835	131.373181	https://geoshape.ex.nii.ac.jp/app/search-nrct?key=中村
https://honkoku.org/app/#/transcription/75A1C429BC371D7BD6D255F4F426A6D5/36	日向国郷帳	36	那珂郡	四百石八合	400.008		谷之口村	6anUYT	1	31.534298	131.350189	https://geoshape.ex.nii.ac.jp/app/search-nrct?key=谷之口村
https://honkoku.org/app/#/transcription/75A1C429BC371D7BD6D255F4F426A6D5/36	日向国郷帳	36	那珂郡	七百弐拾壱石五斗五升三合	721.553		脇本村	UUIcN5	1	31.523172	131.355988	https://geoshape.ex.nii.ac.jp/app/search-nrct?key=脇本村
https://honkoku.org/app/#/transcription/75A1C429BC371D7BD6D255F4F426A6D5/36	日向国郷帳	36	那珂郡	四百拾三石三斗三升六合	413.336		熱波村		0			https://geoshape.ex.nii.ac.jp/app/search-nrct?key=熱波村
https://honkoku.org/app/#/transcription/75A1C429BC371D7BD6D255F4F426A6D5/36	日向国郷帳	36	那珂郡	千五拾弐石六斗七升	1052.67		潟上村	XYQnAM	1	31.507076	131.329315	https://geoshape.ex.nii.ac.jp/app/search-nrct?key=潟上村
https://honkoku.org/app/#/transcription/75A1C429BC371D7BD6D255F4F426A6D5/36	日向国郷帳	36	那珂郡	弐百弐拾五石弐斗四升	225.24		六郎坊村	zi2Oi1	1	31.465221	131.33757	https://geoshape.ex.nii.ac.jp/app/search-nrct?key=六郎坊村
https://honkoku.org/app/#/transcription/75A1C429BC371D7BD6D255F4F426A6D5/36	日向国郷帳	36	那珂郡	百六拾弐石壱斗七升	162.17		海北村	weUEuj	1	31.465221	131.33757	https://geoshape.ex.nii.ac.jp/app/search-nrct?key=海北村
https://honkoku.org/app/#/transcription/75A1C429BC371D7BD6D255F4F426A6D5/36	日向国郷帳	36	那珂郡	弐千百五拾五石壱斗三升	2155.13		市木村	taNuID	1	31.465221	131.33757	https://geoshape.ex.nii.ac.jp/app/search-nrct?key=市木村
https://honkoku.org/app/#/transcription/75A1C429BC371D7BD6D255F4F426A6D5/37	日向国郷帳	37	那珂郡	弐百七拾五石八斗六升	275.86		大納村	q6wgSU	1	31.403559	131.330246	https://geoshape.ex.nii.ac.jp/app/search-nrct?key=大納村
https://honkoku.org/app/#/transcription/75A1C429BC371D7BD6D255F4F426A6D5/37	日向国郷帳	37	那珂郡	三石壱斗七升	3.17		御崎村	m2o66d	1	31.403559	131.330246	https://geoshape.ex.nii.ac.jp/app/search-nrct?key=御崎村
https://honkoku.org/app/#/transcription/75A1C429BC371D7BD6D255F4F426A6D5/37	日向国郷帳	37	那珂郡	千弐百弐拾八石八斗七升	1228.87		都井村	kI8Sgu	1	31.406124	131.302139	https://geoshape.ex.nii.ac.jp/app/search-nrct?key=都井村
https://honkoku.org/app/#/transcription/75A1C429BC371D7BD6D255F4F426A6D5/37	日向国郷帳	37	那珂郡	八百拾八石弐斗九升	818.29		崎田村	hE0IsN	1	31.40276	131.262436	https://geoshape.ex.nii.ac.jp/app/search-nrct?key=崎田村
https://honkoku.org/app/#/transcription/75A1C429BC371D7BD6D255F4F426A6D5/37	日向国郷帳	37	那珂郡	三千八拾六石弐斗八升	3086.28		本庄村	CCi28K	1	31.997206	131.33049	https://geoshape.ex.nii.ac.jp/app/search-nrct?key=本庄村
https://honkoku.org/app/#/transcription/75A1C429BC371D7BD6D255F4F426A6D5/37	日向国郷帳	37	那珂郡	五百弐拾五石五斗弐升	525.52		秋山村	8cn62F	1	31.507322	131.279327	https://geoshape.ex.nii.ac.jp/app/search-nrct?key=秋山村
https://honkoku.org/app/#/transcription/75A1C429BC371D7BD6D255F4F426A6D5/37	日向国郷帳	37	那珂郡	弐千六百三拾弐石五斗五升	2632.55		北方村	58eWeX	1	31.472813	131.254059	https://geoshape.ex.nii.ac.jp/app/search-nrct?key=北方村
https://honkoku.org/app/#/transcription/75A1C429BC371D7BD6D255F4F426A6D5/37	日向国郷帳	37	那珂郡	四千五百六拾五石五斗八升	4565.58		西方村	KqWyy0	1	31.46471	131.214493	https://geoshape.ex.nii.ac.jp/app/search-nrct?key=西方村
https://honkoku.org/app/#/transcription/75A1C429BC371D7BD6D255F4F426A6D5/38	日向国郷帳	38	那珂郡	三百七拾弐石壱斗七升	372.17		高松村	Mu4NnH	1	31.462385	131.173676	https://geoshape.ex.nii.ac.jp/app/search-nrct?key=高松村
https://honkoku.org/app/#/transcription/75A1C429BC371D7BD6D255F4F426A6D5/38	日向国郷帳	38	那珂郡	百四石壱斗三升	104.13		奴久見村	QycWap	1	31.492378	131.185806	https://geoshape.ex.nii.ac.jp/app/search-nrct?key=奴久見村
https://honkoku.org/app/#/transcription/75A1C429BC371D7BD6D255F4F426A6D5/38	日向国郷帳	38	那珂郡	四千五百七拾四石四斗五升	4574.45		南方村	WWIoOQ	1	31.469318	131.23452	https://geoshape.ex.nii.ac.jp/app/search-nrct?key=南方村
https://honkoku.org/app/#/transcription/75A1C429BC371D7BD6D255F4F426A6D5/38	日向国郷帳	38	那珂郡	八百五石六斗三升	805.63		奈留村	Z0QyCy	1	31.525785	131.260727	https://geoshape.ex.nii.ac.jp/app/search-nrct?key=奈留村
https://honkoku.org/app/#/transcription/75A1C429BC371D7BD6D255F4F426A6D5/38	日向国郷帳	38	那珂郡	三百七拾八石四斗弐升	378.42		大平村	24YIoe	1	31.564228	131.251831	https://geoshape.ex.nii.ac.jp/app/search-nrct?key=大平村
https://honkoku.org/app/#/transcription/75A1C429BC371D7BD6D255F4F426A6D5/38	日向国郷帳	38	那珂郡	拾弐石六斗七升	12.67		大矢取村	bwCkQm	1	31.593075	131.210587	https://geoshape.ex.nii.ac.jp/app/search-nrct?key=大矢取村
https://honkoku.org/app/#/transcription/75A1C429BC371D7BD6D255F4F426A6D5/38	日向国郷帳	38	那珂郡	百三拾七石五斗四升	137.54		一氏村	TCk6Y7	1	31.538628	131.213638	https://geoshape.ex.nii.ac.jp/app/search-nrct?key=一氏村
https://honkoku.org/app/#/transcription/75A1C429BC371D7BD6D255F4F426A6D5/39	日向国郷帳	39	児湯郡	八百九拾五石六斗五升六合	895.656		荒武村	Ho4cgq	1	32.040546	131.369461	https://geoshape.ex.nii.ac.jp/app/search-nrct?key=荒武村
https://honkoku.org/app/#/transcription/75A1C429BC371D7BD6D255F4F426A6D5/39	日向国郷帳	39	児湯郡	千弐百八拾壱石弐斗四升壱合	1281.241		山田村	Kscn48	1	32.043301	131.346771	https://geoshape.ex.nii.ac.jp/app/search-nrct?key=山田村
https://honkoku.org/app/#/transcription/75A1C429BC371D7BD6D255F4F426A6D5/39	日向国郷帳	39	児湯郡	弐千九百六拾七石五斗七升九合	2967.579		三才村		0			https://geoshape.ex.nii.ac.jp/app/search-nrct?key=三才村
https://honkoku.org/app/#/transcription/75A1C429BC371D7BD6D255F4F426A6D5/40	日向国郷帳	40	児湯郡	弐千七百七石四斗六升四合	2707.464		三納村	vSaiYz	1	32.165886	131.318817	https://geoshape.ex.nii.ac.jp/app/search-nrct?key=三納村
https://honkoku.org/app/#/transcription/75A1C429BC371D7BD6D255F4F426A6D5/40	日向国郷帳	40	児湯郡	千弐拾九石六斗四升九合	1029.649		加勢村	TUQYuf	1	32.085129	131.341339	https://geoshape.ex.nii.ac.jp/app/search-nrct?key=加勢村
https://honkoku.org/app/#/transcription/75A1C429BC371D7BD6D255F4F426A6D5/40	日向国郷帳	40	児湯郡	九百弐石壱斗五升	902.15		藤田村	QQAKGy	1	32.073605	131.367401	https://geoshape.ex.nii.ac.jp/app/search-nrct?key=藤田村
https://honkoku.org/app/#/transcription/75A1C429BC371D7BD6D255F4F426A6D5/40	日向国郷帳	40	児湯郡	千四百拾五石九斗九升四合	1415.994		平郡村	yWqwNh	1	32.092594	131.355972	https://geoshape.ex.nii.ac.jp/app/search-nrct?key=平郡村
https://honkoku.org/app/#/transcription/75A1C429BC371D7BD6D255F4F426A6D5/40	日向国郷帳	40	児湯郡	弐千七百六拾七石九合	2767.009		鹿野田村	B0yGAZ	1	32.063763	131.38382	https://geoshape.ex.nii.ac.jp/app/search-nrct?key=鹿野田村
https://honkoku.org/app/#/transcription/75A1C429BC371D7BD6D255F4F426A6D5/40	日向国郷帳	40	児湯郡	三百拾三石壱斗五升壱合	313.151		妻万村	aa02nD	1	32.109425	131.406245	https://geoshape.ex.nii.ac.jp/app/search-nrct?key=妻万村
https://honkoku.org/app/#/transcription/75A1C429BC371D7BD6D255F4F426A6D5/40	日向国郷帳	40	児湯郡	弐千五百五拾五石三斗五合	2555.305		新田井倉村	LukkO4	1	32.077057	131.439499	https://geoshape.ex.nii.ac.jp/app/search-nrct?key=新田井倉村
https://honkoku.org/app/#/transcription/75A1C429BC371D7BD6D255F4F426A6D5/40	日向国郷帳	40	児湯郡	三千弐拾四石三斗弐合	3024.302		富田村	Iqca2m	1	32.057755	131.484955	https://geoshape.ex.nii.ac.jp/app/search-nrct?key=富田村
https://honkoku.org/app/#/transcription/75A1C429BC371D7BD6D255F4F426A6D5/41	日向国郷帳	41	児湯郡	百七拾四石三斗五升三合	174.353		現王島村	sO28aR	1	32.056007	131.424637	https://geoshape.ex.nii.ac.jp/app/search-nrct?key=現王島村
https://honkoku.org/app/#/transcription/75A1C429BC371D7BD6D255F4F426A6D5/41	日向国郷帳	41	児湯郡	三百四拾七石壱斗八升七合	347.187		黒生野村	pKUYn9	1	32.06575	131.415115	https://geoshape.ex.nii.ac.jp/app/search-nrct?key=黒生野村
https://honkoku.org/app/#/transcription/75A1C429BC371D7BD6D255F4F426A6D5/41	日向国郷帳	41	児湯郡	三百五拾六石七斗弐升五合	356.725		岡富村	nqEKys	1	32.081085	131.415268	https://geoshape.ex.nii.ac.jp/app/search-nrct?key=岡富村
https://honkoku.org/app/#/transcription/75A1C429BC371D7BD6D255F4F426A6D5/41	日向国郷帳	41	児湯郡	弐千三百弐拾四石五升八合	2324.058		三宅村	de8c8k	1	32.113758	131.38501	https://geoshape.ex.nii.ac.jp/app/search-nrct?key=三宅村
https://honkoku.org/app/#/transcription/75A1C429BC371D7BD6D255F4F426A6D5/41	日向国郷帳	41	児湯郡	四百弐拾八石三斗六升六合	428.366		清水村	gignW2	1	32.097443	131.384689	https://geoshape.ex.nii.ac.jp/app/search-nrct?key=清水村
https://honkoku.org/app/#/transcription/75A1C429BC371D7BD6D255F4F426A6D5/41	日向国郷帳	41	児湯郡	千八拾石九斗弐升四合	1080.924		右松村	jnowIJ	1	32.103637	131.41037	https://geoshape.ex.nii.ac.jp/app/search-nrct?key=右松村
https://honkoku.org/app/#/transcription/75A1C429BC371D7BD6D255F4F426A6D5/41	日向国郷帳	41	児湯郡	弐百弐拾三石八斗壱升六合	223.816		童子丸村	4NuAGc	1	32.123756	131.399338	https://geoshape.ex.nii.ac.jp/app/search-nrct?key=童子丸村
https://honkoku.org/app/#/transcription/75A1C429BC371D7BD6D255F4F426A6D5/41	日向国郷帳	41	児湯郡	三百四拾三石四斗五升七合	343.457		調殿村	7QCKuT	1	32.118095	131.411209	https://geoshape.ex.nii.ac.jp/app/search-nrct?key=調殿村
https://honkoku.org/app/#/transcription/75A1C429BC371D7BD6D255F4F426A6D5/42	日向国郷帳	42	児湯郡	千百四拾九石七升	1149.07		穂北村	YEeg6M	1	32.16589	131.387817	https://geoshape.ex.nii.ac.jp/app/search-nrct?key=穂北村
https://honkoku.org/app/#/transcription/75A1C429BC371D7BD6D255F4F426A6D5/42	日向国郷帳	42	児湯郡	千百九拾弐石六斗七升四合六勺	1192.674	《割書：《場所：穂北村》之内》	南方村	1InqUv	1	32.155956	131.360794	https://geoshape.ex.nii.ac.jp/app/search-nrct?key=南方村
https://honkoku.org/app/#/transcription/75A1C429BC371D7BD6D255F4F426A6D5/42	日向国郷帳	42	児湯郡	四拾弐石四斗七升	42.47		持見村	X0664U	1	32.174538	131.42688	https://geoshape.ex.nii.ac.jp/app/search-nrct?key=持見村
https://honkoku.org/app/#/transcription/75A1C429BC371D7BD6D255F4F426A6D5/42	日向国郷帳	42	児湯郡	百弐拾石七斗五升	120.75		川原村	04egQB	1	32.174538	131.42688	https://geoshape.ex.nii.ac.jp/app/search-nrct?key=川原村
https://honkoku.org/app/#/transcription/75A1C429BC371D7BD6D255F4F426A6D5/42	日向国郷帳	42	児湯郡	百弐拾五石四斗三升	125.43		石村	3oCyIl	1	32.24548	131.396484	https://geoshape.ex.nii.ac.jp/app/search-nrct?key=石村
https://honkoku.org/app/#/transcription/75A1C429BC371D7BD6D255F4F426A6D5/42	日向国郷帳	42	児湯郡	壱石五斗三升	1.53		板屋村	9wSSiJ	1	32.24548	131.396484	https://geoshape.ex.nii.ac.jp/app/search-nrct?key=板屋村
https://honkoku.org/app/#/transcription/75A1C429BC371D7BD6D255F4F426A6D5/42	日向国郷帳	42	児湯郡	壱斗八升	0.18		鹿遊村	6sKIu1	1	32.24548	131.396484	https://geoshape.ex.nii.ac.jp/app/search-nrct?key=鹿遊村
https://honkoku.org/app/#/transcription/75A1C429BC371D7BD6D255F4F426A6D5/42	日向国郷帳	42	児湯郡	千八百弐拾八石弐斗八升	1828.28		椎木村	UWYWgc	1	32.150288	131.454437	https://geoshape.ex.nii.ac.jp/app/search-nrct?key=椎木村
https://honkoku.org/app/#/transcription/75A1C429BC371D7BD6D255F4F426A6D5/43	日向国郷帳	43	児湯郡	三拾六石七斗五升	36.75		市ノ山村	tQa6WO	1	32.125235	131.473763	https://geoshape.ex.nii.ac.jp/app/search-nrct?key=市ノ山村
https://honkoku.org/app/#/transcription/75A1C429BC371D7BD6D255F4F426A6D5/43	日向国郷帳	43	児湯郡	九百三拾三石弐斗	933.2		三納代村	FnWSaD	1	32.08271	131.481613	https://geoshape.ex.nii.ac.jp/app/search-nrct?key=三納代村
https://honkoku.org/app/#/transcription/75A1C429BC371D7BD6D255F4F426A6D5/43	日向国郷帳	43	児湯郡	七百弐拾石五斗三升	720.53		日置村	CiOInV	1	32.086548	131.504776	https://geoshape.ex.nii.ac.jp/app/search-nrct?key=日置村
https://honkoku.org/app/#/transcription/75A1C429BC371D7BD6D255F4F426A6D5/43	日向国郷帳	43	児湯郡	弐千八百三拾弐石六斗	2832.6		高鍋村	koEywH	1	32.121483	131.517521	https://geoshape.ex.nii.ac.jp/app/search-nrct?key=高鍋村
https://honkoku.org/app/#/transcription/75A1C429BC371D7BD6D255F4F426A6D5/43	日向国郷帳	43	児湯郡	千七百八拾三石三斗六升	1783.36		上江村	qN2W86	1	32.136559	131.482971	https://geoshape.ex.nii.ac.jp/app/search-nrct?key=上江村
https://honkoku.org/app/#/transcription/75A1C429BC371D7BD6D255F4F426A6D5/43	日向国郷帳	43	児湯郡	千百九拾五石弐斗七升	1195.27		高城村	OOAyEM	1	32.174862	131.458145	https://geoshape.ex.nii.ac.jp/app/search-nrct?key=高城村
https://honkoku.org/app/#/transcription/75A1C429BC371D7BD6D255F4F426A6D5/43	日向国郷帳	43	児湯郡	五百六拾七石八斗六升	567.86		岸ノ上村		0			https://geoshape.ex.nii.ac.jp/app/search-nrct?key=岸ノ上村
https://honkoku.org/app/#/transcription/75A1C429BC371D7BD6D255F4F426A6D5/43	日向国郷帳	43	児湯郡	八百四拾壱石六斗八升	841.68		持田村	wUqkKw	1	32.150372	131.526535	https://geoshape.ex.nii.ac.jp/app/search-nrct?key=持田村
https://honkoku.org/app/#/transcription/75A1C429BC371D7BD6D255F4F426A6D5/44	日向国郷帳	44	児湯郡	四百六拾八石三斗弐升	468.32		大池村	bc806z	1	32.210018	131.486862	https://geoshape.ex.nii.ac.jp/app/search-nrct?key=大池村
https://honkoku.org/app/#/transcription/75A1C429BC371D7BD6D255F4F426A6D5/44	日向国郷帳	44	児湯郡	六百拾弐石六斗	612.6		平田村	hkokGY	1	32.167095	131.532112	https://geoshape.ex.nii.ac.jp/app/search-nrct?key=平田村
https://honkoku.org/app/#/transcription/75A1C429BC371D7BD6D255F4F426A6D5/44	日向国郷帳	44	児湯郡	四百九拾石弐斗壱升	490.21		篠別府村	TiQNci	1	32.277332	131.504211	https://geoshape.ex.nii.ac.jp/app/search-nrct?key=篠別府村
https://honkoku.org/app/#/transcription/75A1C429BC371D7BD6D255F4F426A6D5/44	日向国郷帳	44	児湯郡	弐百三石八斗弐升	203.82		猪窪村	eggaUh	1	32.210018	131.486862	https://geoshape.ex.nii.ac.jp/app/search-nrct?key=猪窪村
https://honkoku.org/app/#/transcription/75A1C429BC371D7BD6D255F4F426A6D5/44	日向国郷帳	44	児湯郡	千三拾六石四斗三升	1036.43		苽生村	WC6021	1	32.277332	131.504211	https://geoshape.ex.nii.ac.jp/app/search-nrct?key=苽生村
https://honkoku.org/app/#/transcription/75A1C429BC371D7BD6D255F4F426A6D5/44	日向国郷帳	44	児湯郡	八拾三石壱斗九升	83.19		征矢原村	5OCys8	1	32.277332	131.504211	https://geoshape.ex.nii.ac.jp/app/search-nrct?key=征矢原村
https://honkoku.org/app/#/transcription/75A1C429BC371D7BD6D255F4F426A6D5/44	日向国郷帳	44	児湯郡	四百九拾弐石七斗七升	492.77		長野村	2KuoEr	1	32.277332	131.504211	https://geoshape.ex.nii.ac.jp/app/search-nrct?key=長野村
https://honkoku.org/app/#/transcription/75A1C429BC371D7BD6D255F4F426A6D5/44	日向国郷帳	44	児湯郡	五拾七石六斗八升	57.68		岩山村	ZGneSK	1	32.277332	131.504211	https://geoshape.ex.nii.ac.jp/app/search-nrct?key=岩山村
https://honkoku.org/app/#/transcription/75A1C429BC371D7BD6D255F4F426A6D5/45	日向国郷帳	45	児湯郡	弐百六拾七石三斗七升	267.37		寺迫村	880QiR	1	32.277332	131.504211	https://geoshape.ex.nii.ac.jp/app/search-nrct?key=寺迫村
https://honkoku.org/app/#/transcription/75A1C429BC371D7BD6D255F4F426A6D5/45	日向国郷帳	45	児湯郡	百拾七石三斗壱升	117.31		落子村	SUYKer	1	32.341301	131.56897	https://geoshape.ex.nii.ac.jp/app/search-nrct?key=落子村
https://honkoku.org/app/#/transcription/75A1C429BC371D7BD6D255F4F426A6D5/45	日向国郷帳	45	児湯郡	三百六拾七石五斗	367.5		上別府村	NNAnC2	1	32.341301	131.56897	https://geoshape.ex.nii.ac.jp/app/search-nrct?key=上別府村
https://honkoku.org/app/#/transcription/75A1C429BC371D7BD6D255F4F426A6D5/45	日向国郷帳	45	児湯郡	拾五石弐斗九升	15.29		田原村	VY6U08	1	32.341301	131.56897	https://geoshape.ex.nii.ac.jp/app/search-nrct?key=田原村
https://honkoku.org/app/#/transcription/75A1C429BC371D7BD6D255F4F426A6D5/45	日向国郷帳	45	児湯郡	七石三斗八升	7.38		丸山村	Y2e4OQ	1	32.341301	131.56897	https://geoshape.ex.nii.ac.jp/app/search-nrct?key=丸山村
https://honkoku.org/app/#/transcription/75A1C429BC371D7BD6D255F4F426A6D5/46	日向国郷帳	46	臼杵郡	五百拾七石九斗弐升壱合五勺八才	517.921		三川内村		0			https://geoshape.ex.nii.ac.jp/app/search-nrct?key=三川内村
https://honkoku.org/app/#/transcription/75A1C429BC371D7BD6D255F4F426A6D5/46	日向国郷帳	46	臼杵郡	八拾八石弐斗八升壱合三勺弐才	88.281		宮野浦村	I6ANex	1	32.698662	131.845291	https://geoshape.ex.nii.ac.jp/app/search-nrct?key=宮野浦村
https://honkoku.org/app/#/transcription/75A1C429BC371D7BD6D255F4F426A6D5/46	日向国郷帳	46	臼杵郡	百七石壱斗壱升七合四勺六才	107.117		市振村	F2sCsQ	1	32.723892	131.849335	https://geoshape.ex.nii.ac.jp/app/search-nrct?key=市振村
https://honkoku.org/app/#/transcription/75A1C429BC371D7BD6D255F4F426A6D5/46	日向国郷帳	46	臼杵郡	弐百弐拾弐石九斗九升三合七勺弐才	222.993		古江村	CYksE9	1	32.700218	131.807526	https://geoshape.ex.nii.ac.jp/app/search-nrct?key=古江村
https://honkoku.org/app/#/transcription/75A1C429BC371D7BD6D255F4F426A6D5/46	日向国郷帳	46	臼杵郡	五百弐拾八石七斗弐升七合四勺五才	528.727		川内名村	Ou6eUZ	1	32.760994	131.668015	https://geoshape.ex.nii.ac.jp/app/search-nrct?key=川内名村
https://honkoku.org/app/#/transcription/75A1C429BC371D7BD6D255F4F426A6D5/46	日向国郷帳	46	臼杵郡	弐百弐拾三石弐斗壱升八合六勺八才	223.218		熊野江村	lGUAiD	1	32.695381	131.772751	https://geoshape.ex.nii.ac.jp/app/search-nrct?key=熊野江村
https://honkoku.org/app/#/transcription/75A1C429BC371D7BD6D255F4F426A6D5/46	日向国郷帳	46	臼杵郡	九拾三石五斗四升九合六勺弐才	93.549		須怒江村	inwisU	1	32.666843	131.759766	https://geoshape.ex.nii.ac.jp/app/search-nrct?key=須怒江村
https://honkoku.org/app/#/transcription/75A1C429BC371D7BD6D255F4F426A6D5/47	日向国郷帳	47	臼杵郡	五百三拾七石九升九合壱勺弐才	537.099		長井村	RyeoGG	1	32.66254	131.688293	https://geoshape.ex.nii.ac.jp/app/search-nrct?key=長井村
https://honkoku.org/app/#/transcription/75A1C429BC371D7BD6D255F4F426A6D5/47	日向国郷帳	47	臼杵郡	百五石弐斗三升弐合五勺四才	105.232		浦尻村	fio8Ed	1	32.626865	131.7444	https://geoshape.ex.nii.ac.jp/app/search-nrct?key=浦尻村
https://honkoku.org/app/#/transcription/75A1C429BC371D7BD6D255F4F426A6D5/47	日向国郷帳	47	臼杵郡	千百六拾弐石三斗七升三合六勺四才	1162.373		川島村	cegYQv	1	32.61874	131.707192	https://geoshape.ex.nii.ac.jp/app/search-nrct?key=川島村
https://honkoku.org/app/#/transcription/75A1C429BC371D7BD6D255F4F426A6D5/47	日向国郷帳	47	臼杵郡	八百八拾六石四斗五升弐合弐勺七才	886.452		祝子村	9a8O4O	1	32.624655	131.64268	https://geoshape.ex.nii.ac.jp/app/search-nrct?key=祝子村
https://honkoku.org/app/#/transcription/75A1C429BC371D7BD6D255F4F426A6D5/47	日向国郷帳	47	臼杵郡	六百四拾弐石四斗壱升壱合壱勺八才	642.411		稲葉崎村	66SAe5	1	32.607487	131.676094	https://geoshape.ex.nii.ac.jp/app/search-nrct?key=稲葉崎村
https://honkoku.org/app/#/transcription/75A1C429BC371D7BD6D255F4F426A6D5/47	日向国郷帳	47	臼杵郡	千百弐拾石弐斗弐合七才	1120.202		粟野名村	0IucCG	1	32.599913	131.682775	https://geoshape.ex.nii.ac.jp/app/search-nrct?key=粟野名村
https://honkoku.org/app/#/transcription/75A1C429BC371D7BD6D255F4F426A6D5/47	日向国郷帳	47	臼杵郡	九拾壱石八斗七升七合四勺九才	91.877		大武町	3NCnqm	1	32.595718	131.695282	https://geoshape.ex.nii.ac.jp/app/search-nrct?key=大武町
https://honkoku.org/app/#/transcription/75A1C429BC371D7BD6D255F4F426A6D5/47	日向国郷帳	47	臼杵郡	弐千五百拾八石壱升四合六才	2518.014		岡富村	tuq2IT	1	32.588724	131.667074	https://geoshape.ex.nii.ac.jp/app/search-nrct?key=岡富村
https://honkoku.org/app/#/transcription/75A1C429BC371D7BD6D255F4F426A6D5/48	日向国郷帳	48	臼杵郡	八百五拾三石五斗四升弐合四勺三才	853.542		出北村	wyycuz	1	32.573964	131.683697	https://geoshape.ex.nii.ac.jp/app/search-nrct?key=出北村
https://honkoku.org/app/#/transcription/75A1C429BC371D7BD6D255F4F426A6D5/48	日向国郷帳	48	臼杵郡	三千八拾六石三斗九升四合四勺壱才	3086.394		恒富村	zCGnih	1	32.564054	131.667107	https://geoshape.ex.nii.ac.jp/app/search-nrct?key=恒富村
https://honkoku.org/app/#/transcription/75A1C429BC371D7BD6D255F4F426A6D5/48	日向国郷帳	48	臼杵郡	六百七拾石八斗六升六合四勺六才	670.866		大貫村	UA6O0g	1	32.580559	131.656082	https://geoshape.ex.nii.ac.jp/app/search-nrct?key=大貫村
https://honkoku.org/app/#/transcription/75A1C429BC371D7BD6D255F4F426A6D5/48	日向国郷帳	48	臼杵郡	三千四百弐石七升四合九勺五才	3402.074		南方村	RgQAax	1	32.580288	131.607715	https://geoshape.ex.nii.ac.jp/app/search-nrct?key=南方村
https://honkoku.org/app/#/transcription/75A1C429BC371D7BD6D255F4F426A6D5/48	日向国郷帳	48	臼杵郡	弐百五拾九石五斗五升三合四勺三才	259.553		三須村	CGWA6Z	1	32.561558	131.641983	https://geoshape.ex.nii.ac.jp/app/search-nrct?key=三須村
https://honkoku.org/app/#/transcription/75A1C429BC371D7BD6D255F4F426A6D5/48	日向国郷帳	48	臼杵郡	三百六拾四石六斗壱升三勺壱才	364.61		三輪村	XEn2QZ	1	32.547259	131.590383	https://geoshape.ex.nii.ac.jp/app/search-nrct?key=三輪村
https://honkoku.org/app/#/transcription/75A1C429BC371D7BD6D255F4F426A6D5/48	日向国郷帳	48	臼杵郡	千五百四拾八石壱斗八升弐合七勺	1548.182		北方村	UCnyum	1	32.601048	131.50626	https://geoshape.ex.nii.ac.jp/app/search-nrct?key=北方村
https://honkoku.org/app/#/transcription/75A1C429BC371D7BD6D255F4F426A6D5/48	日向国郷帳	48	臼杵郡	千九拾弐石四斗三升八合九才	1092.438		伊福形村	F0cSYJ	1	32.525065	131.673024	https://geoshape.ex.nii.ac.jp/app/search-nrct?key=伊福形村
https://honkoku.org/app/#/transcription/75A1C429BC371D7BD6D255F4F426A6D5/49	日向国郷帳	49	臼杵郡	四拾三石五斗五升九合八才	43.559		鯛名村	L8AgA9	1	32.502356	131.691872	https://geoshape.ex.nii.ac.jp/app/search-nrct?key=鯛名村
https://honkoku.org/app/#/transcription/75A1C429BC371D7BD6D255F4F426A6D5/49	日向国郷帳	49	臼杵郡	弐拾六石五斗三升三合九勺五才	26.533		赤水村	OcIqoQ	1	32.507648	131.706436	https://geoshape.ex.nii.ac.jp/app/search-nrct?key=赤水村
https://honkoku.org/app/#/transcription/75A1C429BC371D7BD6D255F4F426A6D5/49	日向国郷帳	49	臼杵郡	弐百九拾四石五斗七升三合七夕弐才	294.573		庵川村	340aWw	1	32.484671	131.683517	https://geoshape.ex.nii.ac.jp/app/search-nrct?key=庵川村
https://honkoku.org/app/#/transcription/75A1C429BC371D7BD6D255F4F426A6D5/49	日向国郷帳	49	臼杵郡	六百三拾三石四斗弐升五合五勺三才	633.425		加草村	00S08O	1	32.49428	131.658897	https://geoshape.ex.nii.ac.jp/app/search-nrct?key=加草村
https://honkoku.org/app/#/transcription/75A1C429BC371D7BD6D255F4F426A6D5/49	日向国郷帳	49	臼杵郡	四百四拾石九斗八升五合四勺七才	440.985		川内村	68goKe	1	32.49255	131.57048	https://geoshape.ex.nii.ac.jp/app/search-nrct?key=川内村
https://honkoku.org/app/#/transcription/75A1C429BC371D7BD6D255F4F426A6D5/49	日向国郷帳	49	臼杵郡	千三百四拾九石壱斗七升七合	1349.177		塩見村	uSi4GK	1	32.418747	131.59285	https://geoshape.ex.nii.ac.jp/app/search-nrct?key=塩見村
https://honkoku.org/app/#/transcription/75A1C429BC371D7BD6D255F4F426A6D5/50	日向国郷帳	50	臼杵郡	九百七拾七石三斗八升三合	977.383		富高村	rOaUS2	1	32.426598	131.620729	https://geoshape.ex.nii.ac.jp/app/search-nrct?key=富高村
https://honkoku.org/app/#/transcription/75A1C429BC371D7BD6D255F4F426A6D5/50	日向国郷帳	50	臼杵郡	千四百捨九石弐斗六升九合八勺	1409.269		日知屋村	xWyiwt	1	32.426807	131.639733	https://geoshape.ex.nii.ac.jp/app/search-nrct?key=日知屋村
https://honkoku.org/app/#/transcription/75A1C429BC371D7BD6D255F4F426A6D5/50	日向国郷帳	50	臼杵郡	三拾八石壱升八勺四才	38.01	《割書：《場所：日知屋村》之内》	細島町	AgOwka	1	32.425838	131.665466	https://geoshape.ex.nii.ac.jp/app/search-nrct?key=細島町
https://honkoku.org/app/#/transcription/75A1C429BC371D7BD6D255F4F426A6D5/50	日向国郷帳	50	臼杵郡	六百四拾九石九斗壱升八合	649.918		財光寺村	DkWG8S	1	32.411071	131.625055	https://geoshape.ex.nii.ac.jp/app/search-nrct?key=財光寺村
https://honkoku.org/app/#/transcription/75A1C429BC371D7BD6D255F4F426A6D5/50	日向国郷帳	50	臼杵郡	八百九拾七石壱合	897.001		平岩村	GocYYB	1	32.377731	131.604034	https://geoshape.ex.nii.ac.jp/app/search-nrct?key=平岩村
https://honkoku.org/app/#/transcription/75A1C429BC371D7BD6D255F4F426A6D5/50	日向国郷帳	50	臼杵郡	八拾石四升	80.04		才脇村	Jsk8Nj	1	32.348534	131.595352	https://geoshape.ex.nii.ac.jp/app/search-nrct?key=才脇村
https://honkoku.org/app/#/transcription/75A1C429BC371D7BD6D255F4F426A6D5/50	日向国郷帳	50	臼杵郡	千九百弐拾八石九斗八升八合弐勺	1928.988	《割書：古者《場所：山陰村》弐ヶ村｜　　《場所：八重原村》》	山陰村	9coyyW	1	32.371662	131.512802	https://geoshape.ex.nii.ac.jp/app/search-nrct?key=山陰村
https://honkoku.org/app/#/transcription/75A1C429BC371D7BD6D255F4F426A6D5/50	日向国郷帳	50	臼杵郡	弐百四拾弐石九斗弐升八合弐勺	242.928		坪屋村	fANWal	1	32.348663	131.44873	https://geoshape.ex.nii.ac.jp/app/search-nrct?key=坪屋村
https://honkoku.org/app/#/transcription/75A1C429BC371D7BD6D255F4F426A6D5/51	日向国郷帳	51	臼杵郡	百拾六石八斗四升	116.84		下三ヶ村	iE2a04	1	32.348515	131.387711	https://geoshape.ex.nii.ac.jp/app/search-nrct?key=下三ヶ村
https://honkoku.org/app/#/transcription/75A1C429BC371D7BD6D255F4F426A6D5/51	日向国郷帳	51	臼杵郡	千五百七拾七石壱升壱合九勺壱才	1577.011		田代村	uaOWeT	4	32.437565	131.440079	https://geoshape.ex.nii.ac.jp/app/search-nrct?key=田代村
https://honkoku.org/app/#/transcription/75A1C429BC371D7BD6D255F4F426A6D5/51	日向国郷帳	51	臼杵郡	弐拾五石八斗壱升壱合三勺四才	25.811		立石村	xeW62B	1	32.466633	131.40979	https://geoshape.ex.nii.ac.jp/app/search-nrct?key=立石村
https://honkoku.org/app/#/transcription/75A1C429BC371D7BD6D255F4F426A6D5/51	日向国郷帳	51	臼杵郡	六拾七石七斗弐八升壱合六勺四才	67.781		小原村	Ai4kQj	2	32.448662	131.392044	https://geoshape.ex.nii.ac.jp/app/search-nrct?key=小原村
https://honkoku.org/app/#/transcription/75A1C429BC371D7BD6D255F4F426A6D5/51	日向国郷帳	51	臼杵郡	弐百拾弐石壱斗五升七合九勺壱才	212.157		水清谷村	GGANuJ	1	32.398041	131.380539	https://geoshape.ex.nii.ac.jp/app/search-nrct?key=水清谷村
https://honkoku.org/app/#/transcription/75A1C429BC371D7BD6D255F4F426A6D5/51	日向国郷帳	51	臼杵郡	八百八拾石七斗七升八合六才	880.778		神門村	JKIWir	1	32.401546	131.339722	https://geoshape.ex.nii.ac.jp/app/search-nrct?key=神門村
https://honkoku.org/app/#/transcription/75A1C429BC371D7BD6D255F4F426A6D5/51	日向国郷帳	51	臼杵郡	弐拾八石五斗四升七合弐勺七才	28.547		中渡川村	PSYgSQ	1	32.345078	131.322769	https://geoshape.ex.nii.ac.jp/app/search-nrct?key=中渡川村
https://honkoku.org/app/#/transcription/75A1C429BC371D7BD6D255F4F426A6D5/51	日向国郷帳	51	臼杵郡	三百三拾弐石九斗弐升七合六勺壱才	332.927		鬼神野村	NOQ669	1	32.411217	131.280136	https://geoshape.ex.nii.ac.jp/app/search-nrct?key=鬼神野村
https://honkoku.org/app/#/transcription/75A1C429BC371D7BD6D255F4F426A6D5/52	日向国郷帳	52	臼杵郡	百弐拾九石九斗四升壱合弐勺五才	129.941		上渡川村	SWeuIz	1	32.346733	131.253555	https://geoshape.ex.nii.ac.jp/app/search-nrct?key=上渡川村
https://honkoku.org/app/#/transcription/75A1C429BC371D7BD6D255F4F426A6D5/52	日向国郷帳	52	臼杵郡	九拾石五斗四升三合四勺五才	90.543		山三ヶ村	DncuE1	1	32.470036	131.336227	https://geoshape.ex.nii.ac.jp/app/search-nrct?key=山三ヶ村
https://honkoku.org/app/#/transcription/75A1C429BC371D7BD6D255F4F426A6D5/52	日向国郷帳	52	臼杵郡	百八拾三石九斗四升壱合六勺六才	183.941		七ツ山村		0			https://geoshape.ex.nii.ac.jp/app/search-nrct?key=七ツ山村
https://honkoku.org/app/#/transcription/75A1C429BC371D7BD6D255F4F426A6D5/52	日向国郷帳	52	臼杵郡	百拾弐石五斗九升三合弐勺	112.593		黒木村	rQqEn9	2	32.535351	131.500992	https://geoshape.ex.nii.ac.jp/app/search-nrct?key=黒木村
https://honkoku.org/app/#/transcription/75A1C429BC371D7BD6D255F4F426A6D5/52	日向国郷帳	52	臼杵郡	百五拾五石七合五勺九才	155.007		入下村	oNiuAt	1	32.502792	131.49408	https://geoshape.ex.nii.ac.jp/app/search-nrct?key=入下村
https://honkoku.org/app/#/transcription/75A1C429BC371D7BD6D255F4F426A6D5/52	日向国郷帳	52	臼杵郡	七百弐拾九石七斗三升九合五勺六才	729.739		宇納間村	lIakNL	1	32.511894	131.438705	https://geoshape.ex.nii.ac.jp/app/search-nrct?key=宇納間村
https://honkoku.org/app/#/transcription/75A1C429BC371D7BD6D255F4F426A6D5/52	日向国郷帳	52	臼杵郡	百八拾八石壱斗八升壱合四尺壱才	188.181		家代村	VguIwh	1	32.519569	131.355255	https://geoshape.ex.nii.ac.jp/app/search-nrct?key=家代村
https://honkoku.org/app/#/transcription/75A1C429BC371D7BD6D255F4F426A6D5/52	日向国郷帳	52	臼杵郡	九拾三石八斗四升壱合三勺弐才	93.841		分城村	4qKwsg	1	32.593739	131.414169	https://geoshape.ex.nii.ac.jp/app/search-nrct?key=分城村
https://honkoku.org/app/#/transcription/75A1C429BC371D7BD6D255F4F426A6D5/53	日向国郷帳	53	臼杵郡	六百六拾八石八斗弐合八勺三才	668.802		七折村	1nuiEz	1	32.671638	131.405487	https://geoshape.ex.nii.ac.jp/app/search-nrct?key=七折村
https://honkoku.org/app/#/transcription/75A1C429BC371D7BD6D255F4F426A6D5/53	日向国郷帳	53	臼杵郡	弐百拾五石三升四合八勺弐才	215.034		岩井川村	7uSGgY	1	32.633076	131.352448	https://geoshape.ex.nii.ac.jp/app/search-nrct?key=岩井川村
https://honkoku.org/app/#/transcription/75A1C429BC371D7BD6D255F4F426A6D5/53	日向国郷帳	53	臼杵郡	弐百四拾四石五斗九升六合	244.596		向山村	j0EsuM	1	32.667423	131.294937	https://geoshape.ex.nii.ac.jp/app/search-nrct?key=向山村
https://honkoku.org/app/#/transcription/75A1C429BC371D7BD6D255F4F426A6D5/53	日向国郷帳	53	臼杵郡	五百七拾六石五斗七升五合九勺九才	576.575		岩戸村	n4NCiv	1	32.744366	131.352036	https://geoshape.ex.nii.ac.jp/app/search-nrct?key=岩戸村
https://honkoku.org/app/#/transcription/75A1C429BC371D7BD6D255F4F426A6D5/53	日向国郷帳	53	臼杵郡	百九拾七石九斗六升三合三勺三才	197.963		山裏村	ay0Q2F	2	32.77173	131.416344	https://geoshape.ex.nii.ac.jp/app/search-nrct?key=山裏村
https://honkoku.org/app/#/transcription/75A1C429BC371D7BD6D255F4F426A6D5/53	日向国郷帳	53	臼杵郡	七百三拾五石六斗四升九合三勺三才	735.649		三田井村	dC80Qm	1	32.715862	131.320145	https://geoshape.ex.nii.ac.jp/app/search-nrct?key=三田井村
https://honkoku.org/app/#/transcription/75A1C429BC371D7BD6D255F4F426A6D5/53	日向国郷帳	53	臼杵郡	弐百九拾六石四斗七升五合七勺六才	296.475		押方村	gWwiI7	1	32.705795	131.262802	https://geoshape.ex.nii.ac.jp/app/search-nrct?key=押方村
https://honkoku.org/app/#/transcription/75A1C429BC371D7BD6D255F4F426A6D5/53	日向国郷帳	53	臼杵郡	三百六拾五石八斗九合六勺七才	365.809		下野村	ssi4WW	1	32.741165	131.307739	https://geoshape.ex.nii.ac.jp/app/search-nrct?key=下野村
https://honkoku.org/app/#/transcription/75A1C429BC371D7BD6D255F4F426A6D5/54	日向国郷帳	54	臼杵郡	九百拾三石壱斗七升三合三勺三才	913.173		上野村	vwqeKE	1	32.764072	131.313721	https://geoshape.ex.nii.ac.jp/app/search-nrct?key=上野村
https://honkoku.org/app/#/transcription/75A1C429BC371D7BD6D255F4F426A6D5/54	日向国郷帳	54	臼杵郡	六百弐拾壱石五升六合三勺三才	621.056		田原村	yAyowl	1	32.763988	131.271957	https://geoshape.ex.nii.ac.jp/app/search-nrct?key=田原村
https://honkoku.org/app/#/transcription/75A1C429BC371D7BD6D255F4F426A6D5/54	日向国郷帳	54	臼杵郡	四百五石七斗九升九合三勺三才	405.799		川内村	gCKGGQ	8	31.931929	131.061935	https://geoshape.ex.nii.ac.jp/app/search-nrct?key=川内村
https://honkoku.org/app/#/transcription/75A1C429BC371D7BD6D255F4F426A6D5/54	日向国郷帳	54	臼杵郡	百八拾四石七斗七升七合三勺三才	184.777		五ヶ所村		0			https://geoshape.ex.nii.ac.jp/app/search-nrct?key=五ヶ所村
https://honkoku.org/app/#/transcription/75A1C429BC371D7BD6D255F4F426A6D5/54	日向国郷帳	54	臼杵郡	七百六拾三石五斗六升弐合	763.562		三ヶ所村	H2c40u	1	32.64777	131.232925	https://geoshape.ex.nii.ac.jp/app/search-nrct?key=三ヶ所村
https://honkoku.org/app/#/transcription/75A1C429BC371D7BD6D255F4F426A6D5/54	日向国郷帳	54	臼杵郡	四百七拾三石八斗壱升八合六勺六才	473.818		鞍岡村	MaAsCU	1	32.618645	131.154037	https://geoshape.ex.nii.ac.jp/app/search-nrct?key=鞍岡村
https://honkoku.org/app/#/transcription/75A1C429BC371D7BD6D255F4F426A6D5/54	日向国郷帳	54	臼杵郡	三拾弐石六斗九升七合八勺	32.697	《割書：《場所：椎葉山》》	大河内村	acgNOK	4	32.36769	131.118423	https://geoshape.ex.nii.ac.jp/app/search-nrct?key=大河内村
https://honkoku.org/app/#/transcription/75A1C429BC371D7BD6D255F4F426A6D5/54	日向国郷帳	54	臼杵郡	五石七斗三升七合九勺	5.737	《割書：《場所：椎葉山》》	丸野村		0			https://geoshape.ex.nii.ac.jp/app/search-nrct?key=丸野村
https://honkoku.org/app/#/transcription/75A1C429BC371D7BD6D255F4F426A6D5/55	日向国郷帳	55	臼杵郡	九石六斗六升七合七勺	9.667	《割書：《場所：椎葉山》》	大桑木村		0			https://geoshape.ex.nii.ac.jp/app/search-nrct?key=大桑木村
https://honkoku.org/app/#/transcription/75A1C429BC371D7BD6D255F4F426A6D5/55	日向国郷帳	55	臼杵郡	八石弐斗九升弐合四勺	8.292	《割書：《場所：椎葉山》》	大薮村		0			https://geoshape.ex.nii.ac.jp/app/search-nrct?key=大薮村
https://honkoku.org/app/#/transcription/75A1C429BC371D7BD6D255F4F426A6D5/55	日向国郷帳	55	臼杵郡	七石四斗八升九合七勺	7.489	《割書：《場所：椎葉山》》	尾崎村		0			https://geoshape.ex.nii.ac.jp/app/search-nrct?key=尾崎村
https://honkoku.org/app/#/transcription/75A1C429BC371D7BD6D255F4F426A6D5/55	日向国郷帳	55	臼杵郡	壱石壱斗五升弐合	1.152	《割書：《場所：椎葉山》》	葉木村	K8GsO2	1	32.547279	130.963593	https://geoshape.ex.nii.ac.jp/app/search-nrct?key=葉木村
https://honkoku.org/app/#/transcription/75A1C429BC371D7BD6D255F4F426A6D5/55	日向国郷帳	55	臼杵郡	弐石三斗壱升弐合七勺	2.312	《割書：《場所：椎葉山》》	栂尾村		0			https://geoshape.ex.nii.ac.jp/app/search-nrct?key=栂尾村
https://honkoku.org/app/#/transcription/75A1C429BC371D7BD6D255F4F426A6D5/55	日向国郷帳	55	臼杵郡	三石五斗壱升六合八勺	3.516	《割書：《場所：椎葉山》》	中山村		0			https://geoshape.ex.nii.ac.jp/app/search-nrct?key=中山村
https://honkoku.org/app/#/transcription/75A1C429BC371D7BD6D255F4F426A6D5/55	日向国郷帳	55	臼杵郡	拾弐石七斗三升九合七勺	12.739	《割書：《場所：椎葉山》》	川口村	n4Uk4G	2	32.633213	131.090698	https://geoshape.ex.nii.ac.jp/app/search-nrct?key=川口村
https://honkoku.org/app/#/transcription/75A1C429BC371D7BD6D255F4F426A6D5/55	日向国郷帳	55	臼杵郡	五石四斗六升壱合四勺	5.461	《割書：《場所：椎葉山》》	小崎村		0			https://geoshape.ex.nii.ac.jp/app/search-nrct?key=小崎村
https://honkoku.org/app/#/transcription/75A1C429BC371D7BD6D255F4F426A6D5/56	日向国郷帳	56	臼杵郡	弐石四斗弐升壱合七勺	2.421	《割書：《場所：椎葉山》》	狩底村	1KCaoC	1	32.623173	131.484479	https://geoshape.ex.nii.ac.jp/app/search-nrct?key=狩底村
https://honkoku.org/app/#/transcription/75A1C429BC371D7BD6D255F4F426A6D5/56	日向国郷帳	56	臼杵郡	六石九斗弐升四合九勺	6.924	《割書：《場所：椎葉山》》	岳枝尾村		0			https://geoshape.ex.nii.ac.jp/app/search-nrct?key=岳枝尾村
https://honkoku.org/app/#/transcription/75A1C429BC371D7BD6D255F4F426A6D5/56	日向国郷帳	56	臼杵郡	五石五斗八合	5.508	《割書：《場所：椎葉山》》	小向村		0			https://geoshape.ex.nii.ac.jp/app/search-nrct?key=小向村
https://honkoku.org/app/#/transcription/75A1C429BC371D7BD6D255F4F426A6D5/56	日向国郷帳	56	臼杵郡	壱石五升壱合九勺	1.051	《割書：《場所：椎葉山》》	綾野村		0			https://geoshape.ex.nii.ac.jp/app/search-nrct?key=綾野村
https://honkoku.org/app/#/transcription/75A1C429BC371D7BD6D255F4F426A6D5/56	日向国郷帳	56	臼杵郡	弐石四合壱勺	2.004	《割書：《場所：椎葉山》》	臼木俣村		0			https://geoshape.ex.nii.ac.jp/app/search-nrct?key=臼木俣村
https://honkoku.org/app/#/transcription/75A1C429BC371D7BD6D255F4F426A6D5/56	日向国郷帳	56	臼杵郡	九升四合	0.094	《割書：《場所：椎葉山》》	吐野村		0			https://geoshape.ex.nii.ac.jp/app/search-nrct?key=吐野村
https://honkoku.org/app/#/transcription/75A1C429BC371D7BD6D255F4F426A6D5/56	日向国郷帳	56	臼杵郡	弐拾石三斗九升七合八勺	20.397	《割書：《場所：椎葉山》》	下松尾村		0			https://geoshape.ex.nii.ac.jp/app/search-nrct?key=下松尾村
https://honkoku.org/app/#/transcription/75A1C429BC371D7BD6D255F4F426A6D5/56	日向国郷帳	56	臼杵郡	弐拾弐石壱斗五升三合壱勺	22.153	《割書：《場所：椎葉山》》	上松尾村	6u0sY9	1	32.474161	131.256848	https://geoshape.ex.nii.ac.jp/app/search-nrct?key=上松尾村
https://honkoku.org/app/#/transcription/75A1C429BC371D7BD6D255F4F426A6D5/57	日向国郷帳	57	臼杵郡	五石弐升七合九勺	5.027	《割書：《場所：椎葉山》》	鳥巣村	00yuCU	1	32.064777	130.584641	https://geoshape.ex.nii.ac.jp/app/search-nrct?key=鳥巣村
https://honkoku.org/app/#/transcription/75A1C429BC371D7BD6D255F4F426A6D5/57	日向国郷帳	57	臼杵郡	三石六斗三升三合四勺	3.633	《割書：《場所：椎葉山》》	榎峠村		0			https://geoshape.ex.nii.ac.jp/app/search-nrct?key=榎峠村
https://honkoku.org/app/#/transcription/75A1C429BC371D7BD6D255F4F426A6D5/57	日向国郷帳	57	臼杵郡	拾弐石六斗弐升三勺	12.62	《割書：《場所：椎葉山》》	唖谷村		0			https://geoshape.ex.nii.ac.jp/app/search-nrct?key=唖谷村
https://honkoku.org/app/#/transcription/75A1C429BC371D7BD6D255F4F426A6D5/57	日向国郷帳	57	臼杵郡	壱石八斗四升四合九勺	1.844	《割書：《場所：椎葉山》》	古屋園村		0			https://geoshape.ex.nii.ac.jp/app/search-nrct?key=古屋園村
https://honkoku.org/app/#/transcription/75A1C429BC371D7BD6D255F4F426A6D5/57	日向国郷帳	57	臼杵郡	壱石弐斗壱升四勺	1.21	《割書：《場所：椎葉山》》	野川村	TUOo0Y	6	32.241245	130.540848	https://geoshape.ex.nii.ac.jp/app/search-nrct?key=野川村
https://honkoku.org/app/#/transcription/75A1C429BC371D7BD6D255F4F426A6D5/57	日向国郷帳	57	臼杵郡	九石四斗三升四勺	9.43	《割書：《場所：椎葉山》》	栗野尾村		0			https://geoshape.ex.nii.ac.jp/app/search-nrct?key=栗野尾村
https://honkoku.org/app/#/transcription/75A1C429BC371D7BD6D255F4F426A6D5/57	日向国郷帳	57	臼杵郡	拾石四斗四升四合八勺	10.444	《割書：《場所：椎葉山》》	中八重村		0			https://geoshape.ex.nii.ac.jp/app/search-nrct?key=中八重村
https://honkoku.org/app/#/transcription/75A1C429BC371D7BD6D255F4F426A6D5/58	日向国郷帳	58	臼杵郡	六石三斗壱升四勺	6.31	《割書：《場所：椎葉山》》	小原村	Ai4kQj	5	32.448662	131.392044	https://geoshape.ex.nii.ac.jp/app/search-nrct?key=小原村
https://honkoku.org/app/#/transcription/75A1C429BC371D7BD6D255F4F426A6D5/58	日向国郷帳	58	臼杵郡	弐拾壱石五升弐合四勺	21.052	《割書：《場所：椎葉山》》	水越村		0			https://geoshape.ex.nii.ac.jp/app/search-nrct?key=水越村
https://honkoku.org/app/#/transcription/75A1C429BC371D7BD6D255F4F426A6D5/58	日向国郷帳	58	臼杵郡	三拾壱石壱斗壱升三合九勺	31.113	《割書：《場所：椎葉山》》	岩屋戸村	i0NeeZ	1	32.491313	131.247571	https://geoshape.ex.nii.ac.jp/app/search-nrct?key=岩屋戸村
https://honkoku.org/app/#/transcription/75A1C429BC371D7BD6D255F4F426A6D5/58	日向国郷帳	58	臼杵郡	拾壱石弐斗六升八合五勺	11.268	《割書：《場所：椎葉山》》	野地村		0			https://geoshape.ex.nii.ac.jp/app/search-nrct?key=野地村
https://honkoku.org/app/#/transcription/75A1C429BC371D7BD6D255F4F426A6D5/58	日向国郷帳	58	臼杵郡	七石五斗八升八合弐勺	7.588	《割書：《場所：椎葉山》》	小鹿倉村		0			https://geoshape.ex.nii.ac.jp/app/search-nrct?key=小鹿倉村
https://honkoku.org/app/#/transcription/75A1C429BC371D7BD6D255F4F426A6D5/58	日向国郷帳	58	臼杵郡	拾三石弐斗壱升八合六勺	13.218	《割書：《場所：椎葉山》》	岳八重村		0			https://geoshape.ex.nii.ac.jp/app/search-nrct?key=岳八重村
https://honkoku.org/app/#/transcription/75A1C429BC371D7BD6D255F4F426A6D5/58	日向国郷帳	58	臼杵郡	五石七斗六升壱合八勺	5.761	《割書：《場所：椎葉山》》	中尾村	nnaqOE	2	32.618293	131.518638	https://geoshape.ex.nii.ac.jp/app/search-nrct?key=中尾村
https://honkoku.org/app/#/transcription/75A1C429BC371D7BD6D255F4F426A6D5/58	日向国郷帳	58	臼杵郡	弐拾石九斗弐升六合四勺	20.926	《割書：《場所：椎葉山》》	轆轤尾村	fWE4qh	1	32.486103	131.232282	https://geoshape.ex.nii.ac.jp/app/search-nrct?key=轆轤尾村
https://honkoku.org/app/#/transcription/75A1C429BC371D7BD6D255F4F426A6D5/59	日向国郷帳	59	臼杵郡	弐拾弐石七斗弐升六合壱勺	22.726	《割書：《場所：椎葉山》》	不土野村		0			https://geoshape.ex.nii.ac.jp/app/search-nrct?key=不土野村
https://honkoku.org/app/#/transcription/75A1C429BC371D7BD6D255F4F426A6D5/59	日向国郷帳	59	臼杵郡	七斗壱升壱合弐勺	0.711	《割書：《場所：椎葉山》》	栗林村	p8ayUp	1	32.633213	131.090698	https://geoshape.ex.nii.ac.jp/app/search-nrct?key=栗林村
https://honkoku.org/app/#/transcription/75A1C429BC371D7BD6D255F4F426A6D5/59	日向国郷帳	59	臼杵郡	弐石壱斗八升弐合五勺	2.182	《割書：《場所：椎葉山》》	永山村	zU20AZ	1	32.044415	130.799805	https://geoshape.ex.nii.ac.jp/app/search-nrct?key=永山村
https://honkoku.org/app/#/transcription/75A1C429BC371D7BD6D255F4F426A6D5/59	日向国郷帳	59	臼杵郡	弐石八斗三升九合三勺	2.839	《割書：《場所：椎葉山》》	大岩屋村		0			https://geoshape.ex.nii.ac.jp/app/search-nrct?key=大岩屋村
https://honkoku.org/app/#/transcription/75A1C429BC371D7BD6D255F4F426A6D5/59	日向国郷帳	59	臼杵郡	拾六石八升六合五勺	16.086	《割書：《場所：椎葉山》》	古枝尾村		0			https://geoshape.ex.nii.ac.jp/app/search-nrct?key=古枝尾村
https://honkoku.org/app/#/transcription/75A1C429BC371D7BD6D255F4F426A6D5/59	日向国郷帳	59	臼杵郡	弐拾壱石四斗四合九勺	21.404	《割書：《場所：椎葉山》》	尾前村		0			https://geoshape.ex.nii.ac.jp/app/search-nrct?key=尾前村
https://honkoku.org/app/#/transcription/75A1C429BC371D7BD6D255F4F426A6D5/59	日向国郷帳	59	臼杵郡	拾五石五斗九升八合九勺	15.598	《割書：《場所：椎葉山》》	向山村	j0EsuM	1	32.667423	131.294937	https://geoshape.ex.nii.ac.jp/app/search-nrct?key=向山村
https://honkoku.org/app/#/transcription/75A1C429BC371D7BD6D255F4F426A6D5/59	日向国郷帳	59	臼杵郡	三石八升六合六勺	3.086	《割書：《場所：椎葉山》》	尾後前村		0			https://geoshape.ex.nii.ac.jp/app/search-nrct?key=尾後前村
https://honkoku.org/app/#/transcription/75A1C429BC371D7BD6D255F4F426A6D5/60	日向国郷帳	60	臼杵郡	壱石弐斗八升六合五勺	1.286	《割書：《場所：椎葉山》》	滝村	0nKN8U	1	32.676907	130.981979	https://geoshape.ex.nii.ac.jp/app/search-nrct?key=滝村
https://honkoku.org/app/#/transcription/75A1C429BC371D7BD6D255F4F426A6D5/60	日向国郷帳	60	臼杵郡	壱石九斗弐升四合四勺	1.924	《割書：《場所：椎葉山》》	灰河内村		0			https://geoshape.ex.nii.ac.jp/app/search-nrct?key=灰河内村
https://honkoku.org/app/#/transcription/75A1C429BC371D7BD6D255F4F426A6D5/60	日向国郷帳	60	臼杵郡	三石九斗四升八合八勺	3.948	《割書：《場所：椎葉山》》	蔵迫村		0			https://geoshape.ex.nii.ac.jp/app/search-nrct?key=蔵迫村
https://honkoku.org/app/#/transcription/75A1C429BC371D7BD6D255F4F426A6D5/60	日向国郷帳	60	臼杵郡	四石弐斗七升三合七勺	4.273	《割書：《場所：椎葉山》》	尾八重村	H4sOuB	1	32.504303	131.160126	https://geoshape.ex.nii.ac.jp/app/search-nrct?key=尾八重村
https://honkoku.org/app/#/transcription/75A1C429BC371D7BD6D255F4F426A6D5/60	日向国郷帳	60	臼杵郡	壱石六斗四升七合	1.647	《割書：《場所：椎葉山》》	高尾村	E0kEGU	1	32.504303	131.160126	https://geoshape.ex.nii.ac.jp/app/search-nrct?key=高尾村
https://honkoku.org/app/#/transcription/75A1C429BC371D7BD6D255F4F426A6D5/60	日向国郷帳	60	臼杵郡	弐石九斗三升弐勺	2.93	《割書：《場所：椎葉山》》	松木村	hYkOY9	1	31.733524	130.758815	https://geoshape.ex.nii.ac.jp/app/search-nrct?key=松木村
https://honkoku.org/app/#/transcription/75A1C429BC371D7BD6D255F4F426A6D5/60	日向国郷帳	60	臼杵郡	九斗五升四合四勺	0.954	《割書：《場所：椎葉山》》	上平村		0			https://geoshape.ex.nii.ac.jp/app/search-nrct?key=上平村
https://honkoku.org/app/#/transcription/75A1C429BC371D7BD6D255F4F426A6D5/60	日向国郷帳	60	臼杵郡	壱石弐斗五升七合壱勺	1.257	《割書：《場所：椎葉山》》	下平村		0			https://geoshape.ex.nii.ac.jp/app/search-nrct?key=下平村
https://honkoku.org/app/#/transcription/75A1C429BC371D7BD6D255F4F426A6D5/61	日向国郷帳	61	臼杵郡	六石八斗七升八合七勺	6.878	《割書：《場所：椎葉山》》	横野村	QSYcWQ	1	32.67944	131.034348	https://geoshape.ex.nii.ac.jp/app/search-nrct?key=横野村
https://honkoku.org/app/#/transcription/75A1C429BC371D7BD6D255F4F426A6D5/61	日向国郷帳	61	臼杵郡	四斗壱升九合五勺	0.419	《割書：《場所：椎葉山》》	一戸村	WEuOya	1	32.504303	131.160126	https://geoshape.ex.nii.ac.jp/app/search-nrct?key=一戸村
https://honkoku.org/app/#/transcription/75A1C429BC371D7BD6D255F4F426A6D5/61	日向国郷帳	61	臼杵郡	拾四石七斗三升三合弐勺	14.733	《割書：《場所：椎葉山》》	上福裏村		0			https://geoshape.ex.nii.ac.jp/app/search-nrct?key=上福裏村
https://honkoku.org/app/#/transcription/75A1C429BC371D7BD6D255F4F426A6D5/61	日向国郷帳	61	臼杵郡	四石九升四合八勺	4.094	《割書：《場所：椎葉山》》	日隠村		0			https://geoshape.ex.nii.ac.jp/app/search-nrct?key=日隠村
https://honkoku.org/app/#/transcription/75A1C429BC371D7BD6D255F4F426A6D5/61	日向国郷帳	61	臼杵郡	壱石五斗八升弐合五勺	1.582	《割書：《場所：椎葉山》》	尾田村		0			https://geoshape.ex.nii.ac.jp/app/search-nrct?key=尾田村
https://honkoku.org/app/#/transcription/75A1C429BC371D7BD6D255F4F426A6D5/61	日向国郷帳	61	臼杵郡	四斗六升六勺	0.46	《割書：《場所：椎葉山》》	長野村	2KuoEr	5	32.277332	131.504211	https://geoshape.ex.nii.ac.jp/app/search-nrct?key=長野村
https://honkoku.org/app/#/transcription/75A1C429BC371D7BD6D255F4F426A6D5/61	日向国郷帳	61	臼杵郡	弐石壱斗弐升三勺	2.12	《割書：《場所：椎葉山》》	下津留村		0			https://geoshape.ex.nii.ac.jp/app/search-nrct?key=下津留村
https://honkoku.org/app/#/transcription/75A1C429BC371D7BD6D255F4F426A6D5/61	日向国郷帳	61	臼杵郡	壱斗壱升壱合壱勺	0.111	《割書：《場所：椎葉山》》	小中尾村	nnaqOE	1	32.618293	131.518638	https://geoshape.ex.nii.ac.jp/app/search-nrct?key=小中尾村
https://honkoku.org/app/#/transcription/75A1C429BC371D7BD6D255F4F426A6D5/62	日向国郷帳	62	臼杵郡	壱石三斗弐合四勺	1.302	《割書：《場所：椎葉山》》	桑木原村		0			https://geoshape.ex.nii.ac.jp/app/search-nrct?key=桑木原村
https://honkoku.org/app/#/transcription/75A1C429BC371D7BD6D255F4F426A6D5/62	日向国郷帳	62	臼杵郡	弐石九斗五升七合六勺	2.957	《割書：《場所：椎葉山》》	大中尾村		0			https://geoshape.ex.nii.ac.jp/app/search-nrct?key=大中尾村
https://honkoku.org/app/#/transcription/75A1C429BC371D7BD6D255F4F426A6D5/62	日向国郷帳	62	臼杵郡	三石弐斗五升七合七勺	3.257	《割書：《場所：椎葉山》》	若宮村		0			https://geoshape.ex.nii.ac.jp/app/search-nrct?key=若宮村
https://honkoku.org/app/#/transcription/75A1C429BC371D7BD6D255F4F426A6D5/62	日向国郷帳	62	臼杵郡	壱石七斗五升九合三勺	1.759	《割書：《場所：椎葉山》》	桑弓野村	yCO80s	1	32.459742	131.141144	https://geoshape.ex.nii.ac.jp/app/search-nrct?key=桑弓野村
https://honkoku.org/app/#/transcription/75A1C429BC371D7BD6D255F4F426A6D5/62	日向国郷帳	62	臼杵郡	四斗六升三合四勺	0.463	《割書：《場所：椎葉山》》	山中村		0			https://geoshape.ex.nii.ac.jp/app/search-nrct?key=山中村
https://honkoku.org/app/#/transcription/75A1C429BC371D7BD6D255F4F426A6D5/62	日向国郷帳	62	臼杵郡	拾壱石八升六合九勺	11.086	《割書：《場所：椎葉山》》	野老ヶ八重村		0			https://geoshape.ex.nii.ac.jp/app/search-nrct?key=野老ヶ八重村
https://honkoku.org/app/#/transcription/75A1C429BC371D7BD6D255F4F426A6D5/62	日向国郷帳	62	臼杵郡	三石五斗弐升五合九勺	3.525	《割書：《場所：椎葉山》》	下椎葉村		0			https://geoshape.ex.nii.ac.jp/app/search-nrct?key=下椎葉村
https://honkoku.org/app/#/transcription/75A1C429BC371D7BD6D255F4F426A6D5/62	日向国郷帳	62	臼杵郡	六石三斗八升六合弐勺	6.386	《割書：《場所：椎葉山》》	上椎葉村		0			https://geoshape.ex.nii.ac.jp/app/search-nrct?key=上椎葉村
https://honkoku.org/app/#/transcription/75A1C429BC371D7BD6D255F4F426A6D5/63	日向国郷帳	63	臼杵郡	壱石弐斗三升五合三勺	1.235	《割書：《場所：椎葉山》》	望田村	BWcuUd	1	32.504303	131.160126	https://geoshape.ex.nii.ac.jp/app/search-nrct?key=望田村
https://honkoku.org/app/#/transcription/75A1C429BC371D7BD6D255F4F426A6D5/63	日向国郷帳	63	臼杵郡	壱石八升壱合三勺	1.081	《割書：《場所：椎葉山》》	村椎村		0			https://geoshape.ex.nii.ac.jp/app/search-nrct?key=村椎村
https://honkoku.org/app/#/transcription/75A1C429BC371D7BD6D255F4F426A6D5/63	日向国郷帳	63	臼杵郡	七石四升九合壱勺	7.049	《割書：《場所：椎葉山》》	佐礼村		0			https://geoshape.ex.nii.ac.jp/app/search-nrct?key=佐礼村
https://honkoku.org/app/#/transcription/75A1C429BC371D7BD6D255F4F426A6D5/63	日向国郷帳	63	臼杵郡	壱石弐斗六升壱合壱勺	1.261	《割書：《場所：椎葉山》》	尾平村		0			https://geoshape.ex.nii.ac.jp/app/search-nrct?key=尾平村
https://honkoku.org/app/#/transcription/75A1C429BC371D7BD6D255F4F426A6D5/63	日向国郷帳	63	臼杵郡	壱石八斗壱升四合五勺	1.814	《割書：《場所：椎葉山》》	夜狩内村		0			https://geoshape.ex.nii.ac.jp/app/search-nrct?key=夜狩内村
https://honkoku.org/app/#/transcription/75A1C429BC371D7BD6D255F4F426A6D5/63	日向国郷帳	63	臼杵郡	六石三斗七合八勺	6.307	《割書：《場所：椎葉山》》	十根川村	kG2n2P	1	32.513605	131.196316	https://geoshape.ex.nii.ac.jp/app/search-nrct?key=十根川村
https://honkoku.org/app/#/transcription/75A1C429BC371D7BD6D255F4F426A6D5/63	日向国郷帳	63	臼杵郡	七石四斗四升弐勺	7.44	《割書：《場所：椎葉山》》	大窪村	aSuaOu	4	31.563656	131.293571	https://geoshape.ex.nii.ac.jp/app/search-nrct?key=大窪村
https://honkoku.org/app/#/transcription/75A1C429BC371D7BD6D255F4F426A6D5/63	日向国郷帳	63	臼杵郡	拾石七斗八升九合壱勺	10.789	《割書：《場所：椎葉山》》	内八重村	qOiGCe	1	32.513011	131.174548	https://geoshape.ex.nii.ac.jp/app/search-nrct?key=内八重村
https://honkoku.org/app/#/transcription/75A1C429BC371D7BD6D255F4F426A6D5/64	日向国郷帳	64	臼杵郡	四石五斗三合九勺	4.503	《割書：《場所：椎葉山》》	屋敷村	m4Ck63	1	32.220749	130.501266	https://geoshape.ex.nii.ac.jp/app/search-nrct?key=屋敷村
https://honkoku.org/app/#/transcription/75A1C429BC371D7BD6D255F4F426A6D5/64	日向国郷帳	64	臼杵郡	弐石九斗六升弐合八勺	2.962	《割書：《場所：椎葉山》》	鹿野遊村		0			https://geoshape.ex.nii.ac.jp/app/search-nrct?key=鹿野遊村
https://honkoku.org/app/#/transcription/75A1C429BC371D7BD6D255F4F426A6D5/64	日向国郷帳	64	臼杵郡	弐石四斗六升壱合	2.461	《割書：《場所：椎葉山》》	椎原村	QgWNoq	1	32.493679	130.921249	https://geoshape.ex.nii.ac.jp/app/search-nrct?key=椎原村
https://honkoku.org/app/#/transcription/75A1C429BC371D7BD6D255F4F426A6D5/64	日向国郷帳	64	臼杵郡	六石九斗七升七合九勺	6.977	《割書：《場所：椎葉山》》	木裏村		0			https://geoshape.ex.nii.ac.jp/app/search-nrct?key=木裏村
https://honkoku.org/app/#/transcription/75A1C429BC371D7BD6D255F4F426A6D5/64	日向国郷帳	64	臼杵郡	拾弐石四斗弐升四合六勺	12.424	《割書：《場所：椎葉山》》	尾奥村		0			https://geoshape.ex.nii.ac.jp/app/search-nrct?key=尾奥村
https://honkoku.org/app/#/transcription/75A1C429BC371D7BD6D255F4F426A6D5/64	日向国郷帳	64	臼杵郡	七石五斗七升三合四勺	7.573	《割書：《場所：椎葉山》》	胡麻山村		0			https://geoshape.ex.nii.ac.jp/app/search-nrct?key=胡麻山村
https://honkoku.org/app/#/transcription/75A1C429BC371D7BD6D255F4F426A6D5/64	日向国郷帳	64	臼杵郡	七石四斗九升弐合七勺	7.492	《割書：《場所：椎葉山》》	中ノ塔村		0			https://geoshape.ex.nii.ac.jp/app/search-nrct?key=中ノ塔村
https://honkoku.org/app/#/transcription/75A1C429BC371D7BD6D255F4F426A6D5/64	日向国郷帳	64	臼杵郡	壱石五斗九升弐合四勺	1.592	《割書：《場所：椎葉山》》	三重山村	Ck4wS4	1	32.504303	131.160126	https://geoshape.ex.nii.ac.jp/app/search-nrct?key=三重山村
https://honkoku.org/app/#/transcription/75A1C429BC371D7BD6D255F4F426A6D5/65	日向国郷帳	65	臼杵郡	六石六斗壱升七勺	6.61	《割書：《場所：椎葉山》》	財木村		0			https://geoshape.ex.nii.ac.jp/app/search-nrct?key=財木村
https://honkoku.org/app/#/transcription/75A1C429BC371D7BD6D255F4F426A6D5/65	日向国郷帳	65	臼杵郡	五石三斗八升壱合八勺	5.381	《割書：《場所：椎葉山》》	下福裏村		0			https://geoshape.ex.nii.ac.jp/app/search-nrct?key=下福裏村